github.name,github.score,github.size,github.forks,github.open_issues,github.watchers,github.stars
phusion/passenger,1,49823,505,167,4393,4393
ledger/ledger,1,17511,340,625,2927,2927
symengine/symengine,1,8254,186,148,447,447
spring/spring,1,157978,575,7,1670,1670
mongodb/mongo,1,474596,4062,39,16146,16146
knolleary/pubsubclient,1,253,941,313,2147,2147
knolleary/pubsubclient,1,253,941,313,2147,2147
tony2001/pinba_engine,1,4366,45,31,467,467
danmar/cppcheck,1,80420,699,11,2233,2233
facebookarchive/scribe,1,2265,795,50,3754,3754
facebookarchive/scribe,1,2265,795,50,3754,3754
emcrisostomo/fswatch,1,12722,200,39,2814,2814
unetbootin/unetbootin,1,57160,194,159,1174,1174
bruderstein/nppPluginManager,1,12686,215,44,1513,1513
zeromq/libzmq,1,20086,1554,139,5253,5253
VowpalWabbit/vowpal_wabbit,1,125435,1543,67,6370,6370
wkhtmltopdf/wkhtmltopdf,1,6120,1160,772,8261,8261
wkhtmltopdf/wkhtmltopdf,1,6120,1160,773,8262,8262
OpenMW/openmw,1,60475,713,23,2759,2759
niklasso/minisat,1,610,195,29,526,526
acaudwell/Gource,1,3779,544,74,6651,6651
acaudwell/Gource,1,3779,544,74,6651,6651
tstack/lnav,1,9647,153,203,2610,2610
tstack/lnav,1,9647,153,203,2611,2611
apache/thrift,1,24477,2924,17,6369,6369
lsegal/my_toy_compiler,1,39,176,6,588,588
pbhogan/Signals,1,217,40,1,407,407
cowboyd/therubyracer,1,16897,182,75,1616,1616
billmccord/OpenCV-Android,1,1838,165,16,448,448
uncrustify/uncrustify,1,15326,384,185,1919,1919
hluk/CopyQ,1,28212,144,111,1867,1867
openframeworks/openFrameworks,1,1997479,2261,907,6996,6996
nickbnf/glogg,1,3065,104,125,525,525
Lexikos/AutoHotkey_L,1,15818,452,19,2787,2787
acaudwell/Logstalgia,1,4108,139,10,1405,1405
acaudwell/Logstalgia,1,4108,139,10,1405,1405
nolanbrown/Tesseract-iPhone-Demo,1,9848,183,6,465,465
facebook/hhvm,1,352150,2850,863,16034,16034
znc/znc,1,17094,347,335,1606,1606
z3t0/Arduino-IRremote,1,1120,1255,247,2593,2593
z3t0/Arduino-IRremote,1,1120,1255,247,2593,2593
thewtex/tmux-mem-cpu-load,1,235,86,9,605,605
openscenegraph/OpenSceneGraph,1,72304,825,22,1380,1380
idmillington/aicore,1,512,156,9,464,464
adafruit/RTClib,1,85,485,50,475,475
facebook/pyre2,1,42,138,0,511,511
libxmljs/libxmljs,1,2549,186,73,887,887
c-ares/c-ares,1,5522,317,30,875,875
chenshuo/recipes,1,669,640,8,951,951
kelektiv/node.bcrypt.js,1,497,341,24,4538,4538
kelektiv/node.bcrypt.js,1,497,341,24,4538,4538
herumi/xbyak,1,1989,125,0,873,873
Kitware/VTK,1,204603,630,5,1085,1085
assimp/assimp,1,148635,1338,305,4249,4249
chenshuo/muduo,1,1887,2993,38,5879,5879
chenshuo/muduo,1,1887,2994,38,5880,5880
visionmedia/node-jscoverage,1,1908,39,18,399,399
teeworlds/teeworlds,1,78234,416,181,1238,1238
appleseedhq/appleseed,1,1454456,240,405,1344,1344
ricochet-im/ricochet,1,2922,369,173,3322,3322
ricochet-im/ricochet,1,2922,369,173,3322,3322
BYVoid/OpenCC,1,5327,580,122,3807,3807
BYVoid/OpenCC,1,5327,580,122,3807,3807
ThePowderToy/The-Powder-Toy,1,28821,517,47,1647,1647
fabianschuiki/OpenSkyscraper,1,8903,66,27,541,541
aras-p/glsl-optimizer,1,158145,328,46,1285,1285
interactive-matter/aJson,1,443,133,47,553,553
DeNA/HandlerSocket-Plugin-for-MySQL,1,1377,160,78,1141,1141
DeNA/HandlerSocket-Plugin-for-MySQL,1,1377,160,78,1141,1141
marioyc/Online-Judge-Solutions,1,4445,293,8,454,454
snes9xgit/snes9x,1,9314,249,67,1034,1034
snes9xgit/snes9x,1,9314,249,67,1034,1034
Automattic/node-canvas,1,4051,790,165,5950,5950
Automattic/node-canvas,1,4051,790,165,5950,5950
codebutler/firesheep,1,6385,624,48,2204,2204
codebutler/firesheep,1,6385,624,48,2204,2204
tomahawk-player/tomahawk,1,123760,381,193,2510,2510
paulhodge/EASTL,1,575,76,4,514,514
mrtazz/restclient-cpp,1,3348,229,16,919,919
0ad/0ad,1,3837696,317,2,1372,1372
csete/gqrx,1,5031,320,113,1321,1321
csete/gqrx,1,5031,320,113,1321,1321
openscad/openscad,1,60864,656,627,2754,2754
loarabia/Clang-tutorial,1,539,111,6,596,596
catchorg/Catch2,1,12721,1526,208,9167,9167
chokkan/crfsuite,1,1051,179,53,474,474
cocos2d/cocos2d-x,1,942987,6677,1316,13265,13265
bytefish/opencv,1,3906,412,0,576,576
aria2/aria2,1,28225,1683,574,15072,15072
node-inspector/v8-profiler,1,158,129,39,933,933
OpenRTMFP/Cumulus,1,1608,225,22,598,598
ivansafrin/Polycode,1,288951,351,206,2352,2352
OpenNI/OpenNI,1,104554,599,74,1210,1210
bitcoin/bitcoin,1,127361,23313,971,38718,38718
mosra/magnum,1,33586,255,45,2443,2443
TrinityCore/TrinityCore,1,697836,4400,1456,5315,5315
xbmc/xbmc,1,1505791,5070,483,9098,9098
ChaiScript/ChaiScript,1,5890,223,79,1612,1612
ChaiScript/ChaiScript,1,5890,223,79,1612,1612
mobile-shell/mosh,1,2703,528,213,8345,8345
mobile-shell/mosh,1,2703,528,213,8345,8345
jreese/znc-push,1,854,119,47,500,500
laverdet/node-fibers,1,297,214,8,3187,3187
laverdet/node-fibers,1,297,214,8,3187,3187
SpiderLabs/ModSecurity,1,71357,839,163,2799,2799
OpenXcom/OpenXcom,1,30145,307,7,1032,1032
ninja-build/ninja,1,3705,683,239,4483,4483
ninja-build/ninja,1,3705,683,239,4483,4483
wadey/node-microtime,1,131,37,1,452,452
emscripten-core/emscripten,1,194826,2023,1851,17232,17232
scummvm/scummvm,1,339334,502,31,1092,1092
chriskohlhoff/asio,1,16646,570,167,1833,1833
QupZilla/qupzilla,1,50422,313,234,1012,1012
mumble-voip/mumble,1,42941,631,751,2550,2550
paulnasca/paulstretch_cpp,1,193,45,12,459,459
bjorn/tiled,1,43202,1241,443,6246,6246
actor-framework/actor-framework,1,29999,343,41,1883,1883
spotify/echoprint-codegen,1,1598,271,59,870,870
taglib/taglib,1,5995,233,78,655,655
cocaine/cocaine-core,1,13864,95,5,1011,1011
SFML/SFML,1,87662,1046,108,5167,5167
TNG/boost-python-examples,1,121,167,2,564,564
mariusmuja/flann,1,82480,374,217,1134,1134
kylemcdonald/ofxCv,1,3447,251,56,541,541
shogun-toolbox/shogun,1,67018,930,590,2464,2464
davisp/jiffy,1,2647,243,16,728,728
LibreCAD/LibreCAD,1,94538,499,243,1300,1300
bulletphysics/bullet3,1,212251,1349,363,5013,5013
apitrace/apitrace,1,19385,326,96,1677,1677
tekezo/Karabiner,1,21555,336,105,3723,3723
moxie0/sslsniff,1,609,109,27,422,422
kliment/Sprinter,1,1467,330,9,408,408
qgis/QGIS,1,1544343,1501,3084,2714,2714
csmith-project/csmith,1,9119,75,15,445,445
mozilla/rhino,1,20255,528,152,2185,2185
aras-p/hlsl2glslfork,1,7043,125,31,436,436
wxWidgets/wxWidgets,1,315789,923,38,2479,2479
vlc-qt/vlc-qt,1,3224,211,80,438,438
zeromq/cppzmq,1,444,429,30,609,609
kripken/ammo.js,1,38313,250,99,1819,1819
HIT-SCIR/ltp,1,15370,667,57,2054,2054
louisdx/cxx-prettyprint,1,57,59,11,408,408
goldendict/goldendict,1,63095,417,438,2551,2551
libspatialindex/libspatialindex,1,3681,146,14,444,444
kylemcdonald/ofxFaceTracker,1,1105,358,58,1199,1199
kylemcdonald/ofxFaceTracker,1,1105,358,58,1199,1199
adafruit/DHT-sensor-library,1,83,970,8,1167,1167
adafruit/DHT-sensor-library,1,83,970,8,1167,1167
ispc/ispc,1,35817,175,270,1254,1254
RuntimeCompiledCPlusPlus/RuntimeCompiledCPlusPlus,1,40768,155,8,1270,1270
justinlatimer/node-midi,1,796,84,31,557,557
myang-git/QR-Code-Encoder-for-Objective-C,1,635,126,8,406,406
rocketscream/Low-Power,1,45,265,28,890,890
BYVoid/uchardet,1,564,83,2,412,412
Andersbakken/rtags,1,24245,234,148,1480,1480
jrowberg/i2cdevlib,1,1177,5687,228,2395,2395
jrowberg/i2cdevlib,1,1177,5687,228,2395,2395
tjanczuk/iisnode,1,8741,452,243,1698,1698
tjanczuk/iisnode,1,8741,452,243,1698,1698
kripken/speak.js,1,5362,250,49,946,946
minetest/minetest,1,65053,1021,971,3981,3981
mozilla/rr,1,19177,312,271,4095,4095
jeelabs/jeelib,1,2831,198,15,456,456
slic3r/Slic3r,1,17346,978,936,2169,2169
ceph/ceph,1,362520,3152,563,6222,6222
Subsurface-divelog/subsurface,1,105589,384,125,1551,1551
zaphoyd/websocketpp,1,8880,1074,281,3110,3110
zaphoyd/websocketpp,1,8880,1074,281,3110,3110
paulftw/hiberlite,1,468,94,11,491,491
plotfx/plotfx,1,23565,397,99,4913,4913
zrax/pycdc,1,421,140,95,616,616
Project-OSRM/osrm-backend,1,30026,1668,635,3085,3085
kkaefer/node-cpp-modules,1,104,137,5,672,672
rakshasa/rtorrent,1,4963,311,356,2485,2485
rakshasa/rtorrent,1,4963,311,356,2485,2485
mcostalba/Stockfish,1,12943,1178,1,1259,1259
RobTillaart/Arduino,1,965,2935,6,913,913
arturoc/FaceSubstitution,1,570,123,20,426,426
mapnik/mapnik,1,174118,667,584,2383,2383
gameplay3d/GamePlay,1,213922,1100,5,2733,2733
mavlink/qgroundcontrol,1,347259,1564,699,1166,1166
arangodb/arangodb,1,933082,571,536,8105,8105
mawww/kakoune,1,37088,351,408,4775,4775
ripple/rippled,1,95744,966,142,3240,3240
TooTallNate/node-lame,1,3399,83,36,490,490
webcoyote/coho,1,174,69,2,409,409
TTimo/doom3.gpl,1,9178,1424,3,3917,3917
TTimo/doom3.gpl,1,9178,1424,3,3917,3917
Maximus5/ConEmu,1,89939,412,698,6024,6024
strasdat/Sophus,1,7352,280,11,616,616
cnjinhao/nana,1,6105,213,39,1253,1253
cnjinhao/nana,1,6105,213,39,1253,1253
stealth/sshttp,1,99,76,2,705,705
br3ttb/Arduino-PID-Library,1,18,563,48,961,961
fabiensanglard/Another-World-Bytecode-Interpreter,1,384,58,9,542,542
gnuradio/gnuradio,1,51430,1001,338,1651,1651
twitter-forks/mysql,1,1377295,441,8,1671,1671
nwjs/nw.js,1,124160,3797,741,35517,35517
takmin/OpenCV-Marker-less-AR,1,5869,239,2,470,470
juj/RectangleBinPack,1,292,113,6,454,454
RainerKuemmerle/g2o,1,7155,672,115,1155,1155
RainerKuemmerle/g2o,1,7155,672,115,1155,1155
peterbraden/node-opencv,1,10266,736,121,3759,3759
firmata/arduino,1,1144,407,70,969,969
joeferner/node-java,1,17356,210,155,1480,1480
basho/leveldb,1,5337,169,32,401,401
llvm-mirror/clang,1,194983,1402,1,2407,2407
sass/libsass,1,12024,429,115,3998,3998
raspberrypi/tools,1,621835,634,33,1210,1210
d5/node.native,1,9387,142,18,1143,1143
d5/node.native,1,9387,142,18,1143,1143
qbittorrent/qBittorrent,1,172278,1096,2574,6395,6395
dermesser/libsocket,1,3200,145,16,418,418
lloyd/node-memwatch,1,433,220,55,2027,2027
lloyd/node-memwatch,1,433,220,55,2027,2027
NixOS/nix,1,22405,433,1151,2476,2476
kasbert/OS-X-SAT-SMART-Driver,1,4550,44,32,400,400
melpon/wandbox,1,1719,54,45,618,618
rescrv/HyperDex,1,18356,159,38,1334,1334
arturadib/node-qt,1,16625,175,25,1430,1430
imkira/mobiledevice,1,66,112,8,516,516
notepadqq/notepadqq,1,9323,225,161,1192,1192
notepadqq/notepadqq,1,9323,225,161,1192,1192
leethomason/tinyxml2,1,2699,1086,61,2651,2651
leethomason/tinyxml2,1,2699,1086,61,2651,2651
csmith-project/creduce,1,5085,79,29,682,682
Azure/node-sqlserver,1,849,138,76,635,635
thrust/thrust,1,12249,448,207,2362,2362
ragnraok/android-image-filter,1,5647,164,13,592,592
kripken/BananaBread,1,405430,212,39,1071,1071
alexey-pelykh/webp-android-backport,1,1099,114,3,505,505
rime/librime,1,16761,235,39,1094,1094
rime/weasel,1,12507,205,76,1031,1031
huceke/omxplayer,1,2406,412,69,491,491
rovo89/Xposed,1,205,1097,137,4961,4961
rovo89/Xposed,1,205,1097,137,4961,4961
appjs/appjs,1,5055,388,164,3466,3466
appjs/appjs,1,5055,388,164,3466,3466
WeAreROLI/JUCE,1,215359,659,139,1575,1575
rainmeter/rainmeter,1,14051,394,33,1828,1828
bkaradzic/bgfx,1,183623,1028,217,6375,6375
emeryberger/Hoard,1,760,80,3,511,511
farbrausch/fr_public,1,47174,260,17,2213,2213
mltframework/shotcut,1,34901,271,45,2337,2337
PixarAnimationStudios/OpenSubdiv,1,42631,441,56,2202,2202
sass/node-sass,1,24424,915,164,6344,6344
Grive/grive,1,1116,367,217,1608,1608
Grive/grive,1,1116,367,217,1608,1608
phpv8/v8js,1,1609,146,32,1234,1234
phpv8/v8js,1,1609,146,32,1234,1234
simonfuhrmann/mve,1,3696,275,8,526,526
mscdex/mmmagic,1,4924,32,7,531,531
milesburton/Arduino-Temperature-Control-Library,1,167,341,8,599,599
ReadyTalk/avian,1,20418,158,40,1154,1154
supercollider/supercollider,1,157924,446,605,2528,2528
cgdb/cgdb,1,7730,126,47,1064,1064
cgdb/cgdb,1,7730,126,47,1064,1064
snap-stanford/snap,1,160855,585,54,1214,1214
thestinger/termite,1,696,195,101,2208,2208
thestinger/termite,1,696,195,101,2208,2208
FortySevenEffects/arduino_midi_library,1,1381,131,22,622,622
musescore/MuseScore,1,362828,1194,187,3724,3724
STEllAR-GROUP/hpx,1,907761,253,197,1210,1210
serge-sans-paille/pythran,1,33006,105,84,1084,1084
facebook/folly,1,24617,3141,168,13094,13094
progschj/OpenGL-Examples,1,308,118,6,536,536
pfultz2/Linq,1,236,68,2,528,528
jessek/hashdeep,1,6668,94,109,432,432
apache/incubator-pagespeed-ngx,1,81134,332,305,4042,4042
logcabin/logcabin,1,3718,179,58,1129,1129
logcabin/logcabin,1,3718,179,58,1129,1129
lemire/FastPFor,1,981,70,9,460,460
Y-Vladimir/SmartDeblur,1,51895,307,12,1787,1787
mstorsjo/fdk-aac,1,7472,228,17,546,546
tojocky/node-printer,1,224,226,78,950,950
eigengo/akka-patterns,1,4314,61,10,576,576
msgpack/msgpack-c,1,13416,593,50,1648,1648
zeux/pugixml,1,6192,335,13,1780,1780
zeux/pugixml,1,6192,335,13,1780,1780
harfbuzz/harfbuzz,1,43049,273,160,1060,1060
Aloshi/EmulationStation,1,7002,658,441,1483,1483
Aloshi/EmulationStation,1,7002,658,441,1483,1483
opencv/opencv,1,469785,25877,1724,35506,35506
multiwii/multiwii-firmware,1,3172,372,14,398,398
swoole/swoole-src,1,34163,2688,55,13485,13485
elad/node-imagemagick-native,1,1761,124,52,564,564
alibaba/tfs,1,1600,409,21,934,934
rdp/ffmpeg-windows-build-helpers,1,2157,222,9,502,502
halide/Halide,1,100673,617,528,3061,3061
cpputest/cpputest,1,9350,327,213,652,652
PX4/Firmware,1,105424,7590,559,2664,2664
syoyo/tinyobjloader,1,6332,313,13,1443,1443
syoyo/tinyobjloader,1,6332,313,13,1443,1443
pje/WavTap,1,4530,81,35,710,710
richardghirst/PiBits,1,388,518,53,715,715
mscdex/node-mariasql,1,7032,75,57,489,489
pgmodeler/pgmodeler,1,29619,250,385,1772,1772
owncloud/client,1,174305,584,594,1133,1133
XhmikosR/notepad2-mod,1,12397,203,102,1064,1064
fanout/pushpin,1,3318,96,11,2515,2515
fanout/pushpin,1,3318,96,11,2515,2515
bwall/HashPump,1,63,110,3,730,730
chukong/quick-cocos2d-x,1,485360,883,13,1417,1417
FreeCAD/FreeCAD,1,779590,1373,22,3951,3951
miguelbalboa/rfid,1,1707,929,30,1566,1566
miguelbalboa/rfid,1,1707,929,30,1566,1566
mgbellemare/Arcade-Learning-Environment,1,6252,264,48,1177,1177
mgbellemare/Arcade-Learning-Environment,1,6252,264,48,1177,1177
GarageGames/Torque3D,1,200952,1223,365,2988,2988
zuhd-org/easyloggingpp,1,30180,583,198,2113,2113
ldiqual/tesseract-ios,1,9767,120,1,585,585
zdevito/terra,1,6603,150,102,1912,1912
zdevito/terra,1,6603,150,102,1912,1912
CleverRaven/Cataclysm-DDA,1,1711785,1810,1350,3087,3087
alibaba/tair,1,3843,483,0,1226,1226
alibaba/tair,1,3843,483,0,1226,1226
progschj/ThreadPool,1,309,791,25,2223,2223
progschj/ThreadPool,1,309,791,25,2223,2223
OSGeo/gdal,1,230124,672,154,1217,1217
RehabMan/OS-X-Voodoo-PS2-Controller,1,1937,171,2,407,407
gdbinit/MachOView,1,4986,333,11,1196,1196
gdbinit/MachOView,1,4986,333,11,1196,1196
cloudera/Impala,1,15051168,825,21,2165,2165
trishume/eyeLike,1,256,261,13,627,627
woboq/woboq_codebrowser,1,951,96,21,682,682
alecthomas/entityx,1,2644,240,13,1490,1490
alecthomas/entityx,1,2644,240,13,1490,1490
wang-bin/QtAV,1,14768,929,392,1969,1969
rethinkdb/rethinkdb,1,278338,1733,1466,22237,22237
hrydgard/ppsspp,1,108179,1302,918,4424,4424
audreyt/node-webworker-threads,1,371,137,61,2031,2031
audreyt/node-webworker-threads,1,371,137,61,2031,2031
RPCS3/rpcs3,1,57371,1141,447,6588,6588
Studio3T/robomongo,1,36583,653,616,7468,7468
bloomberg/bde,1,100833,216,18,1008,1008
jwise/HoRNDIS,1,168,159,46,1542,1542
jwise/HoRNDIS,1,168,159,46,1542,1542
ros-planning/navigation,1,5342,963,104,677,677
ponylang/ponyc,1,15192,328,264,3759,3759
visualfc/liteide,1,14782,713,275,5369,5369
tomdalling/opengl-series,1,7520,220,1,704,704
falltergeist/falltergeist,1,6692,66,98,526,526
id-Software/DOOM-3-BFG,1,12273,989,1,3329,3329
lynckia/licode,1,23368,785,240,1943,1943
facebook/watchman,1,13964,609,74,8013,8013
facebook/rocksdb,1,127749,3051,357,14020,14020
embree/embree,1,56670,172,8,1002,1002
fmtlib/fmt,1,8372,722,20,5965,5965
fmtlib/fmt,1,8372,722,20,5965,5965
MasteringOpenCV/code,1,86100,1531,42,2297,2297
slowmoVideo/slowmoVideo,1,2576,68,44,433,433
adafruit/Adafruit_NeoPixel,1,543,779,49,1715,1715
adafruit/Adafruit_NeoPixel,1,543,779,49,1715,1715
oclint/oclint,1,1674,355,44,2913,2913
oclint/oclint,1,1674,355,44,2913,2913
tiny-dnn/tiny-dnn,1,25554,1248,296,4763,4763
MaartenBaert/ssr,1,8568,182,328,1256,1256
MaartenBaert/ssr,1,8568,182,328,1256,1256
AGWA/git-crypt,1,315,252,91,3840,3840
AGWA/git-crypt,1,315,252,91,3840,3840
vinipsmaker/tufao,1,3268,137,30,442,442
biometrics/openbr,1,48326,673,57,2506,2506
brndnmtthws/conky,1,17575,372,96,3114,3114
swig/swig,1,62421,743,403,2919,2919
vkohaupt/vokoscreen,1,4908,73,66,500,500
chadaustin/sajson,1,1153,26,6,421,421
cinemast/libjson-rpc-cpp,1,1973,222,11,507,507
neolee/SCU,1,8307,37,7,558,558
iagox86/dnscat2,1,3895,345,66,1639,1639
iagox86/dnscat2,1,3895,345,66,1639,1639
ArduPilot/ardupilot,1,138054,7890,1521,4046,4046
MailCore/mailcore2,1,12906,504,142,2046,2046
xenia-project/xenia,1,30377,531,175,3598,3598
VerySleepy/verysleepy,1,8407,62,19,533,533
DigitalInBlue/Celero,1,1732,66,5,452,452
ideawu/ssdb,1,4233,1234,369,6139,6139
ideawu/ssdb,1,4233,1234,369,6139,6139
c2lang/c2compiler,1,6236,29,23,496,496
adafruit/Adafruit_Sensor,1,28,453,5,553,553
zonyitoo/doubanfm-qt,1,3166,99,2,503,503
zealdocs/zeal,1,4875,541,130,6907,6907
zealdocs/zeal,1,4875,541,130,6907,6907
nodejs/node-addon-examples,1,185,334,45,1174,1174
nodejs/node-addon-examples,1,185,334,45,1174,1174
Hawstein/cracking-the-coding-interview,1,1530,614,5,1337,1337
Hawstein/cracking-the-coding-interview,1,1530,614,5,1337,1337
GarageGames/Torque2D,1,178557,1672,30,1491,1491
cameron314/readerwriterqueue,1,150,325,12,1366,1366
cameron314/readerwriterqueue,1,150,325,12,1366,1366
openMVG/openMVG,1,27629,945,153,2269,2269
PointCloudLibrary/pcl,1,226690,2750,516,3844,3844
ruben2020/codequery,1,4545,56,26,449,449
ValveSoftware/halflife,1,4887,372,1348,1533,1533
ValveSoftware/halflife,1,4887,372,1348,1533,1533
hzeller/rpi-rgb-led-matrix,1,21166,549,173,1365,1365
bombela/backward-cpp,1,577,179,30,1245,1245
bombela/backward-cpp,1,577,179,30,1245,1245
tjanczuk/edge,1,25308,601,352,4638,4638
zhangyuanwei/node-images,1,45336,153,19,1085,1085
jart/hiptext,1,2332,25,24,493,493
klmr/named-operator,1,105,28,2,416,416
simongog/sdsl-lite,1,9516,236,56,1534,1534
simongog/sdsl-lite,1,9516,236,56,1534,1534
boostorg/compute,1,8726,232,114,992,992
randombit/botan,1,70868,287,92,1149,1149
Amanieu/asyncplusplus,1,292,105,0,616,616
wuye9036/CppTemplateTutorial,1,331,505,14,2661,2661
wuye9036/CppTemplateTutorial,1,331,505,14,2661,2661
Ardour/ardour,1,231821,291,26,1101,1101
ninjablocks/433Utils,1,51,289,31,651,651
keepassx/keepassx,1,4407,579,80,3992,3992
keepassx/keepassx,1,4407,579,80,3992,3992
cloose/CuteMarkEd,1,4054,222,130,1032,1032
cloose/CuteMarkEd,1,4054,222,130,1032,1032
cacay/MemoryPool,1,27,219,5,432,432
objectcomputing/liquibook,1,800,225,7,558,558
stanleyhuangyc/ArduinoOBD,1,2471,375,45,556,556
JavascriptNet/Javascript.Net,1,8244,129,13,611,611
yinqiwen/ardb,1,73105,214,50,1342,1342
capnproto/capnproto,1,17000,543,98,6521,6521
fatih/subvim,1,20525,67,10,1147,1147
spotify/annoy,1,1827,623,11,5499,5499
spotify/annoy,1,1827,623,11,5499,5499
crosswalk-project/crosswalk,1,18123,567,120,2161,2161
trottier/original-bitcoin,1,4029,287,1,417,417
JACoders/OpenJK,1,67396,417,210,1297,1297
homenc/HElib,1,6994,424,135,1943,1943
homenc/HElib,1,6994,424,135,1943,1943
beark/ftl,1,2509,67,5,934,934
miguelmartin75/anax,1,6916,42,29,409,409
leetcoders/LeetCode,1,1735,222,2,481,481
xtaci/algorithms,1,2263,1122,38,3030,3030
xtaci/algorithms,1,2263,1122,38,3030,3030
electron/electron,1,59998,9659,1317,74043,74043
mapbox/mapnik-vector-tile,1,6018,92,13,493,493
wesnoth/wesnoth,1,2730644,531,941,2460,2460
AncientLysine/BiliLocal,1,5592,80,7,406,406
facebook/mysql-5.6,1,2177326,524,177,1594,1594
gflags/gflags,1,1556,497,22,1435,1435
gflags/gflags,1,1556,497,22,1435,1435
ppwwyyxx/OpenPano,1,8999,381,7,930,930
zerotier/ZeroTierOne,1,69418,389,122,3401,3401
atom/node-keytar,1,454,80,21,633,633
andrewprock/pokerstove,1,4899,284,16,474,474
PowerDNS/pdns,1,50369,512,678,1735,1735
StevenHickson/PiAUISuite,1,4454,220,72,676,676
kmackay/micro-ecc,1,646,204,42,621,621
MrKepzie/Natron,1,125177,171,8,1378,1378
p12tic/libsimdpp,1,4596,92,34,733,733
ivanseidel/ArduinoThread,1,68,145,10,593,593
JulyIghor/QtBitcoinTrader,1,6754,229,43,447,447
gobby/gobby,1,3413,41,57,439,439
ponchio/untrunc,1,164,115,105,492,492
mixxxdj/mixxx,1,310916,585,104,1324,1324
niwinz/phantompy,1,692,31,6,622,622
doxygen/doxygen,1,25650,696,2062,2493,2493
moderngpu/moderngpu,1,6890,219,14,985,985
qtproject/qt-solutions,1,1645,441,1,521,521
bingmann/sound-of-sorting,1,299,74,9,428,428
efficient/cuckoofilter,1,111,87,14,605,605
Nevcairiel/LAVFilters,1,25843,294,23,1839,1839
REhints/HexRaysCodeXplorer,1,7577,258,2,1233,1233
REhints/HexRaysCodeXplorer,1,7577,258,2,1233,1233
OtterBrowser/otter-browser,1,64968,175,183,1052,1052
aardappel/treesheets,1,3514,77,60,652,652
boostorg/beast,1,11418,345,145,2059,2059
LowPowerLab/RFM69,1,4607,307,13,530,530
yanyiwu/cppjieba,1,9546,481,36,1444,1444
yanyiwu/cppjieba,1,9546,481,36,1444,1444
USCiLab/cereal,1,13946,383,193,1948,1948
pmed/v8pp,1,728,59,10,493,493
ValveSoftware/source-sdk-2013,1,624641,1333,213,2310,2310
cvxgrp/cvxpy,1,133638,497,49,1861,1861
facebook/fbthrift,1,41324,414,26,1699,1699
node-webrtc/node-webrtc,1,7327,245,46,1278,1278
node-webrtc/node-webrtc,1,7327,245,46,1278,1278
vapoursynth/vapoursynth,1,5302,56,26,465,465
nlohmann/json,1,177905,2396,31,14148,14148
wheybags/freeablo,1,23807,178,56,1854,1854
cmderdev/cmder,1,2314,1318,24,18484,18484
cmderdev/cmder,1,2314,1318,24,18484,18484
nmslib/nmslib,1,98952,236,77,1471,1471
nghttp2/nghttp2,1,31415,549,381,2932,2932
leanprover/lean,1,52403,161,55,1161,1161
apache/mesos,1,393662,1600,10,4185,4185
rathena/rathena,1,163746,1013,335,1076,1076
zbackup/zbackup,1,578,71,53,728,728
dresden-elektronik/deconz-rest-plugin,1,7563,107,339,504,504
nodejs/nan,1,1996,390,44,2517,2517
nodejs/nan,1,1996,390,44,2517,2517
klee/klee,1,6374,359,99,1171,1171
klee/klee,1,6374,359,99,1171,1171
dolphin-emu/dolphin,1,380353,1255,139,5328,5328
breach/thrust,1,3461,130,51,2815,2815
breach/thrust,1,3461,130,51,2815,2815
cuberite/cuberite,1,83639,478,563,2660,2660
hyperion-project/hyperion,1,7007,226,60,1027,1027
hyperion-project/hyperion,1,7007,226,60,1027,1027
gigablast/open-source-search-engine,1,225027,329,62,1019,1019
uglide/RedisDesktopManager,1,75063,2031,37,12633,12633
netease-youdao/hex,1,110358,306,116,1458,1458
laurentkneip/opengv,1,7814,229,30,498,498
clMathLibraries/clBLAS,1,2915,212,86,686,686
clMathLibraries/clFFT,1,2912,165,26,451,451
rbock/sqlpp11,1,2962,201,42,1305,1305
rbock/sqlpp11,1,2962,201,42,1305,1305
simbody/simbody,1,221845,353,124,1355,1355
dbzhang800/QtXlsxWriter,1,3126,334,112,445,445
CopernicaMarketingSoftware/PHP-CPP,1,1977,259,85,1136,1136
CopernicaMarketingSoftware/PHP-CPP,1,1977,259,85,1136,1136
Icinga/icinga2,1,41325,422,215,1184,1184
forhappy/Cplusplus-Concurrency-In-Practice,1,1398,922,13,2325,2325
forhappy/Cplusplus-Concurrency-In-Practice,1,1398,922,13,2325,2325
PurpleI2P/i2pd,1,10718,221,128,1202,1202
jesyspa/linear-cpp,1,116,92,3,437,437
mikalhart/TinyGPSPlus,1,74,198,19,426,426
ReactiveX/RxCpp,1,62792,233,42,1731,1731
ideawu/icomet,1,3518,511,35,1430,1430
ideawu/icomet,1,3518,511,35,1430,1430
Kurento/kurento-media-server,1,4358,372,5,1224,1224
Kurento/kurento-media-server,1,4358,372,5,1224,1224
dropbox/json11,1,85,432,20,1811,1811
dropbox/json11,1,85,432,20,1811,1811
eliben/llvm-clang-samples,1,299,154,7,958,958
naelstrof/slop,1,938,30,24,472,472
opencv/opencv_contrib,1,129282,3430,297,4226,4226
BVLC/caffe,1,76158,17052,1015,28274,28274
ryanhaining/cppitertools,1,1575,73,9,733,733
Sigil-Ebook/Sigil,1,120255,407,8,2766,2766
recastnavigation/recastnavigation,1,20414,785,71,2650,2650
Polytonic/Chlorine,1,983,20,2,415,415
google/lmctfy,1,5234,229,10,3220,3220
google/lmctfy,1,5234,229,10,3220,3220
thestk/stk,1,6901,90,10,407,407
360Controller/360Controller,1,5387,314,81,5055,5055
360Controller/360Controller,1,5387,314,81,5056,5056
naelstrof/maim,1,505,55,28,1150,1150
naelstrof/maim,1,505,55,28,1150,1150
panda3d/panda3d,1,107593,438,128,1681,1681
urho3d/Urho3D,1,148483,741,224,2757,2757
thekvs/cpp-serializers,1,515,59,13,400,400
LongSoft/UEFITool,1,2792,260,16,1324,1324
LongSoft/UEFITool,1,2792,260,16,1324,1324
AndroidDeveloperLB/AndroidJniBitmapOperations,1,2017,138,4,484,484
wichtounet/thor-os,1,2677,112,4,928,928
thestk/rtaudio,1,2158,153,24,550,550
bbc/audiowaveform,1,3870,104,26,690,690
pavel-odintsov/fastnetmon,1,30373,417,105,2381,2381
milkytracker/MilkyTracker,1,9910,86,41,695,695
Oxford-PTAM/PTAM-GPL,1,1233,327,16,612,612
facebookarchive/webscalesql-5.6,1,300518,386,9,3018,3018
raboof/nethogs,1,1322,168,64,1332,1332
raboof/nethogs,1,1322,168,64,1332,1332
BartoszMilewski/Okasaki,1,832,62,2,402,402
cisco/openh264,1,126812,1222,96,3382,3382
SFTtech/openage,1,8341,848,203,8808,8808
SFTtech/openage,1,8341,848,203,8808,8808
electron/rcedit,1,130,91,19,678,678
greenheartgames/greenworks,1,955,82,23,908,908
docopt/docopt.cpp,1,97,88,54,670,670
aspnet/dnx,1,21498,246,0,1007,1007
AndreaOrru/LaiNES,1,835,82,23,1225,1225
AndreaOrru/LaiNES,1,835,82,23,1225,1225
openalpr/openalpr,1,5722,1898,405,8484,8484
openalpr/openalpr,1,5722,1898,405,8484,8484
mpromonet/v4l2rtspserver,1,611,209,16,634,634
FastLED/FastLED,1,12468,779,114,2994,2994
mamedev/mame,1,893789,912,247,3784,3784
ericniebler/range-v3,1,25159,225,145,2210,2210
protobuf-c/protobuf-c,1,1321,396,44,1219,1219
protobuf-c/protobuf-c,1,1321,396,44,1219,1219
erengy/taiga,1,9193,135,119,955,955
nem0/LumixEngine,1,736214,212,93,1766,1766
s3fs-fuse/s3fs-fuse,1,2888,534,126,3438,3438
s3fs-fuse/s3fs-fuse,1,2888,534,126,3438,3438
mfontanini/libtins,1,5639,264,63,1278,1278
mfontanini/libtins,1,5639,264,63,1278,1278
google/liquidfun,1,23797,505,52,3611,3611
libfann/fann,1,9708,302,25,1091,1091
libfann/fann,1,9708,302,25,1091,1091
OpenKinect/libfreenect2,1,3307,604,76,1393,1393
OpenKinect/libfreenect2,1,3307,604,76,1393,1393
gzc/CLRS,1,12261,2007,53,5645,5645
dmlc/mshadow,1,1512,429,57,985,985
asb2m10/dexed,1,54726,96,50,1049,1049
clementine-player/Clementine,1,172072,454,2023,2221,2221
dogecoin/dogecoin,1,134315,864,66,2064,2064
srsLTE/srsLTE,1,17915,372,5,1245,1245
google/benchmark,1,1661,646,94,3476,3476
google/benchmark,1,1661,646,94,3476,3476
floooh/oryol,1,659943,167,51,1646,1646
yanyiwu/simhash,1,4641,209,9,657,657
PCSX2/pcsx2,1,97273,574,466,3288,3288
DarthTon/Blackbone,1,7867,647,36,1768,1768
DarthTon/Blackbone,1,7867,647,36,1769,1769
DarthTon/Xenos,1,247,271,19,613,613
mkeeter/antimony,1,4382,109,56,1644,1644
mkeeter/antimony,1,4382,109,56,1644,1644
ethereum/aleth,1,56669,2170,300,3545,3545
wetube/bitcloud,1,1839,64,20,648,648
duilib/duilib,1,22963,1393,44,3012,3012
miguelfreitas/twister-core,1,20266,244,156,1335,1335
cinience/RedisStudio,1,10766,311,23,1105,1105
efficient/libcuckoo,1,4270,149,7,724,724
godotengine/godot,1,317702,4414,5288,22664,22664
chengr28/Pcap_DNSProxy,1,28124,445,12,2402,2402
ceres-solver/ceres-solver,1,21393,436,54,1124,1124
google/skia,1,998827,632,11,3113,3113
LMMS/lmms,1,82263,493,707,2824,2824
bblanchon/ArduinoJson,1,3631,702,23,3699,3699
bblanchon/ArduinoJson,1,3631,702,23,3699,3699
supertuxkart/stk-code,1,295249,445,396,1652,1652
draios/sysdig,1,14997,522,261,5657,5657
cginternals/cmake-init,1,1660,77,26,457,457
bwapi/bwapi,1,125944,219,121,1319,1319
eranif/codelite,1,465192,328,285,1213,1213
AudioKit/AudioKit,1,222319,1039,5,6677,6677
yanyiwu/nodejieba,1,4504,195,41,1583,1583
yanyiwu/nodejieba,1,4504,195,41,1583,1583
Pulse-Eight/libcec,1,5368,208,60,410,410
facebook/mcrouter,1,28749,435,71,2479,2479
facebook/conceal,1,43992,433,28,2879,2879
EddyVerbruggen/Toast-PhoneGap-Plugin,1,2029,235,30,487,487
maciejczyzewski/libchaos,1,3249,168,1,1621,1621
maciejczyzewski/libchaos,1,3249,168,1,1621,1621
RobotLocomotion/drake,1,425345,667,645,1234,1234
vgvassilev/cling,1,18243,91,54,1452,1452
mapbox/mapbox-gl-native,1,266868,1066,482,3391,3391
facebook/bistro,1,5486,93,7,708,708
gperftools/gperftools,1,3582,876,195,3968,3968
gperftools/gperftools,1,3582,876,195,3968,3968
akumuli/Akumuli,1,4863,51,33,606,606
asmjit/asmjit,1,6544,258,31,1835,1835
asmjit/asmjit,1,6544,258,31,1835,1835
davisking/dlib,1,22899,2191,51,7364,7364
blend2d/blend2d,1,1858,22,7,522,522
dmlc/xgboost,1,11274,6710,116,16218,16218
manisandro/gImageReader,1,6462,76,52,449,449
toggl/toggldesktop,1,262860,168,360,1153,1153
dmlc/cxxnet,1,5299,430,65,1044,1044
dmlc/cxxnet,1,5299,430,65,1044,1044
andrewssobral/bgslibrary,1,72203,590,51,1272,1272
cocos2d/cocos2d-js,1,930006,496,281,1626,1626
libigl/libigl,1,9754,578,310,1783,1783
libigl/libigl,1,9754,578,310,1783,1783
excamera/alfalfa,1,2317,66,4,903,903
BonzaiThePenguin/WikiSort,1,1877,82,6,1058,1058
BonzaiThePenguin/WikiSort,1,1877,82,6,1058,1058
Yelp/MOE,1,11920,137,175,1176,1176
jgh-/VideoCore-Inactive,1,13824,536,196,1468,1468
baldurk/renderdoc,1,91907,477,45,3447,3447
catchorg/Clara,1,520,61,55,589,589
google/snappy,1,2425,582,20,3463,3463
google/snappy,1,2425,582,20,3463,3463
Tencent/rapidjson,1,25571,2137,394,7789,7789
ValveSoftware/ToGL,1,541,169,6,1930,1930
ValveSoftware/ToGL,1,541,169,6,1930,1930
uzh-rpg/rpg_svo,1,2321,661,174,1237,1237
uzh-rpg/rpg_svo,1,2321,661,174,1237,1237
ValveSoftware/vogl,1,64415,130,96,1367,1367
ionic-team/ionic-plugin-keyboard,1,3312,282,154,622,622
nRF24/RF24,1,1475,614,47,1345,1345
nRF24/RF24,1,1475,614,47,1345,1345
RangeNetworks/openbts,1,5746,225,29,468,468
baidu/sofa-pbrpc,1,7231,623,48,1817,1817
baidu/sofa-pbrpc,1,7231,623,48,1817,1817
baidu/tera,1,16411,425,169,1687,1687
rurban/smhasher,1,1879,58,15,454,454
ipkn/crow,1,910,646,162,5129,5129
ipkn/crow,1,910,646,162,5129,5129
mmc-maodun/Data-Structure-And-Algorithm,1,256,210,2,399,399
mit-nlp/MITIE,1,10939,427,16,2229,2229
OpenRCT2/OpenRCT2,1,94256,773,1155,7025,7025
shadowsocks/shadowsocks-qt5,1,6624,2076,50,6650,6650
shadowsocks/shadowsocks-qt5,1,6624,2076,50,6650,6650
google/souper,1,1540,94,56,1043,1043
google/souper,1,1540,94,56,1043,1043
vcmi/vcmi,1,37190,205,20,1059,1059
scantailor/scantailor,1,9549,191,211,903,903
facebook/yoga,1,27699,912,207,11956,11956
marcoschwartz/aREST,1,367,247,101,962,962
Stellarium/stellarium,1,2794547,214,197,1250,1250
falvaro/seshat,1,1901,119,17,510,510
matt-42/vpp,1,603,83,4,568,568
monero-project/monero,1,153251,2008,318,3813,3813
nanocurrency/nano-node,1,19557,553,115,2575,2575
jlblancoc/nanoflann,1,2331,211,18,732,732
telegramdesktop/tdesktop,1,131890,2309,1014,9628,9628
sqlitebrowser/sqlitebrowser,1,18279,1308,356,11422,11422
felixendres/rgbdslam_v2,1,5624,313,58,545,545
matt-42/iod,1,365,54,6,706,706
fibjs/fibjs,1,97369,304,30,2627,2627
kriswiner/MPU9250,1,7288,338,303,586,586
kriswiner/MPU6050,1,73,131,26,423,423
emil-e/rapidcheck,1,1633,90,75,534,534
Mooophy/Cpp-Primer,1,1636,2167,136,4155,4155
Mooophy/Cpp-Primer,1,1636,2167,136,4155,4155
SqliteModernCpp/sqlite_modern_cpp,1,2762,89,16,440,440
MariaDB/server,1,710087,844,126,2766,2766
Valloric/ycmd,1,34046,642,26,1351,1351
ketoo/NoahGameFrame,1,226391,645,26,1979,1979
citra-emu/citra,1,53703,1070,440,4972,4972
zhedahht/ChineseCodingInterviewAppendix,1,57,404,1,680,680
libmx3/mx3,1,5180,157,16,1166,1166
libmx3/mx3,1,5180,157,16,1166,1166
google/flatbuffers,1,8370,1932,418,12230,12230
google/flatbuffers,1,8370,1932,418,12230,12230
clasp-developers/clasp,1,126431,105,106,1515,1515
runtimejs/runtime,1,114913,109,49,1886,1886
ethz-asl/kalibr,1,4219,516,139,1079,1079
ethz-asl/kalibr,1,4219,516,139,1079,1079
PatWie/CppNumericalSolvers,1,520,127,2,483,483
aoapc-book/aoapc-bac2nd,1,496,769,32,1420,1420
aoapc-book/aoapc-bac2nd,1,496,769,32,1421,1421
jscheiny/Streams,1,386,39,8,605,605
google/fruit,1,2799,156,22,1239,1239
google/fruit,1,2799,156,22,1239,1239
ufna/VaRest,1,599,191,35,491,491
qTox/qTox,1,37233,648,603,2491,2491
andrivet/ADVobfuscator,1,6630,95,5,448,448
4ian/GDevelop,1,348899,198,114,1350,1350
boostorg/hof,1,2318,69,53,437,437
pezy/CppPrimer,1,1342,1086,8,1631,1631
pezy/CppPrimer,1,1342,1086,8,1631,1631
eidheim/Simple-Web-Server,1,6728,589,55,1809,1809
eidheim/Simple-Web-Server,1,6728,589,55,1809,1809
open-source-parsers/jsoncpp,1,2348,1532,92,3748,3748
open-source-parsers/jsoncpp,1,2348,1532,92,3748,3748
BitMEX/api-connectors,1,6321,561,127,621,621
includeos/IncludeOS,1,51613,287,70,3601,3601
yangyangwithgnu/hardseed,1,36915,1940,34,8982,8982
microsoft/Win2D,1,45522,214,55,1180,1180
ocornut/imgui,1,41085,2324,393,15481,15481
e-maxx-eng/e-maxx-eng,1,1917,206,12,488,488
facebook/wdt,1,1776,357,75,2333,2333
facebook/wdt,1,1776,357,75,2333,2333
vgough/encfs,1,15591,197,55,1403,1403
albertlauncher/albert,1,25746,180,82,3746,3746
Squirrel/Squirrel.Windows,1,84361,684,310,4556,4556
facebook/osquery,1,18749,1728,555,14251,14251
opensource-apple/dyld,1,999,84,0,402,402
yedf/handy,1,331,886,4,2256,2256
yedf/handy,1,331,886,4,2256,2256
eidheim/Simple-WebSocket-Server,1,372,217,28,599,599
kerberos-io/machinery,1,1260,90,52,410,410
onqtam/doctest,1,5448,155,31,1738,1738
onqtam/doctest,1,5448,155,31,1738,1738
mandliya/algorithms_and_data_structures,1,627,575,29,2983,2983
mandliya/algorithms_and_data_structures,1,627,575,29,2984,2984
tesseract-ocr/tesseract,1,44091,5270,226,27513,27513
openconnect/openconnect-gui,1,3077,108,51,629,629
crawl/crawl,1,190330,436,53,1056,1056
scylladb/seastar,1,8536,913,261,4605,4605
scylladb/seastar,1,8536,913,261,4605,4605
google/re2,1,3168,545,0,3623,3623
google/re2,1,3168,545,0,3623,3623
aseprite/aseprite,1,32079,654,703,6318,6318
magwyz/pastec,1,200,162,9,573,573
microsoft/cpprestsdk,1,10372,1006,463,4054,4054
lvandeve/lodepng,1,589,209,42,935,935
fritzing/fritzing-app,1,141974,326,951,1390,1390
google/angle,1,143756,293,3,1322,1322
protocolbuffers/protobuf,1,56131,9430,688,34907,34907
google/leveldb,1,1330,4215,105,17741,17741
google/leveldb,1,1330,4215,105,17742,17742
vit-vit/CTPL,1,207,146,18,563,563
PaulStoffregen/Time,1,67,394,59,654,654
code-iai/iai_kinect2,1,527,367,112,565,565
dropbox/djinni,1,3862,379,73,2364,2364
dropbox/djinni,1,3862,379,73,2364,2364
vaibhavpandeyvpz/apkstudio,1,13130,243,3,1044,1044
ANYbotics/grid_map,1,5327,300,55,559,559
CppCon/CppCon2014,1,243607,372,1,2016,2016
tum-vision/lsd_slam,1,1602,1077,226,1781,1781
tum-vision/lsd_slam,1,1602,1077,226,1781,1781
zccrs/QQStars,1,4535,146,10,446,446
srendle/libfm,1,123,370,14,1093,1093
srendle/libfm,1,123,370,14,1093,1093
tunabrain/tungsten,1,20666,121,12,1186,1186
zouxiaohang/TinySTL,1,641,353,14,870,870
khizmax/libcds,1,27768,240,32,1331,1331
dirkvranckaert/AndroidDecompiler,1,9404,107,10,477,477
liuruoze/EasyPR,1,195032,2204,61,4987,4987
qdore/Mutate,1,9179,97,69,1300,1300
qdore/Mutate,1,9179,97,69,1300,1300
v8/v8,1,848902,2479,2,12664,12664
google/mathfu,1,2746,137,14,935,935
mysql/mysql-server,1,2436225,1520,2,3875,3875
mapbox/tippecanoe,1,30495,183,80,1221,1221
boyliang/AllHookInOne,1,2911,330,9,429,429
CGAL/cgal,1,589641,533,318,1375,1375
me115/design_patterns,1,5122,973,28,3415,3415
me115/design_patterns,1,5122,973,28,3415,3415
jarro2783/cxxopts,1,383,215,34,1293,1293
jarro2783/cxxopts,1,383,215,34,1293,1293
facebook/proxygen,1,7798,1191,35,6184,6184
facebook/proxygen,1,7798,1191,35,6184,6184
victorprad/InfiniTAM,1,3617,234,60,449,449
Makuna/NeoPixelBus,1,707,115,20,531,531
ycjuan/kaggle-2014-criteo,1,434,598,4,1069,1069
ycjuan/kaggle-2014-criteo,1,434,598,4,1069,1069
lava/matplotlib-cpp,1,563,230,58,1020,1020
lava/matplotlib-cpp,1,563,230,58,1020,1020
google/woff2,1,3521,108,39,566,566
meltwater/served,1,807,97,9,492,492
KjellKod/g3log,1,4505,189,5,483,483
symless/synergy-core,1,97632,1695,260,6763,6763
kostya/benchmarks,1,523,151,28,1258,1258
kostya/benchmarks,1,523,151,28,1258,1258
pezy/LeetCode,1,392,744,1,2194,2194
pezy/LeetCode,1,392,744,1,2194,2194
google/double-conversion,1,7105,140,11,592,592
xiaojiaqi/C1000kPracticeGuide,1,1511,209,0,679,679
haoel/leetcode,1,2459,3424,34,10832,10832
haoel/leetcode,1,2459,3425,34,10832,10832
twitter/BreakoutDetection,1,234,159,23,685,685
ccMSC/ckb,1,2299,172,251,1254,1254
ccMSC/ckb,1,2299,172,251,1254,1254
arrayfire/arrayfire,1,13896,383,221,2700,2700
yangyangwithgnu/autoshadower,1,4075,99,7,413,413
matt-42/silicon,1,583,126,15,1641,1641
matt-42/silicon,1,583,126,15,1641,1641
gabime/spdlog,1,39005,1297,38,5915,5915
Overv/vramfs,1,472,29,4,599,599
Qihoo360/pika,1,85533,555,71,2788,2788
AaronShea/BLUI,1,347,158,32,603,603
cameron314/concurrentqueue,1,2354,729,61,3571,3571
cameron314/concurrentqueue,1,2354,729,61,3571,3571
shadowsocks/libQtShadowsocks,1,4922,564,20,1176,1176
shadowsocks/libQtShadowsocks,1,4922,564,20,1176,1176
alibaba/oceanbase,1,83018,696,14,1767,1767
baidu/bfs,1,11938,497,113,2495,2495
papyros/papyros-shell,1,8398,44,78,986,986
zcash/zcash,1,67173,1513,958,4040,4040
jmoon018/PacVim,1,3272,120,15,1645,1645
jmoon018/PacVim,1,3272,120,15,1645,1645
patriciogonzalezvivo/glslViewer,1,41186,105,10,1278,1278
illuz/leetcode,1,717,284,0,699,699
sysown/proxysql,1,76298,490,458,2961,2961
gioblu/PJON,1,5147,151,40,1253,1253
gioblu/PJON,1,5147,151,40,1253,1253
SergiusTheBest/plog,1,349,166,29,693,693
pbek/QOwnNotes,1,230170,144,73,1106,1106
google/libphonenumber,1,110538,1173,79,9149,9149
mpromonet/webrtc-streamer,1,3842,171,25,527,527
Mapaler/FastCopy-M,1,3998,77,2,401,401
grpc/grpc,1,223981,4982,1315,21518,21518
kmkolasinski/AwesomeBump,1,72425,133,27,1014,1014
Xtra-Computing/thundersvm,1,2666,141,26,962,962
facebook/wangle,1,2330,406,42,2264,2264
facebook/wangle,1,2330,406,42,2264,2264
microsoft/bond,1,15087,268,139,1972,1972
charto/nbind,1,1101,87,57,1532,1532
charto/nbind,1,1101,87,57,1532,1532
henrypp/memreduct,1,1043,105,12,474,474
mlpack/mlpack,1,247099,1023,128,2835,2835
savoirfairelinux/opendht,1,4337,97,48,503,503
cmu-db/peloton,1,69976,563,190,1634,1634
zhihu/kids,1,1311,214,4,1219,1219
zhihu/kids,1,1311,214,4,1219,1219
lilydjwg/swapview,1,432,101,9,403,403
scylladb/scylla,1,48115,603,1071,5126,5126
2shou/TextGrocery,1,456,198,14,629,629
badaix/snapcast,1,20098,170,183,1333,1333
leggedrobotics/ros_best_practices,1,127,159,4,439,439
mtytel/helm,1,40872,89,65,1143,1143
lukasmartinelli/py14,1,144,37,2,511,511
nitroshare/nitroshare-desktop,1,2775,99,94,653,653
devsisters/libquic,1,18120,197,14,1168,1168
ssloy/tinyrenderer,1,66684,544,5,6857,6857
ShiqiYu/libfacedetection,1,80942,1933,92,7021,7021
seenaburns/dex-ui,1,243,97,10,1921,1921
seenaburns/dex-ui,1,243,97,10,1921,1921
Gargaj/Bonzomatic,1,6667,47,16,426,426
AtomicGameEngine/AtomicGameEngine,1,113686,436,393,2168,2168
richgel999/lzham_codec,1,1014,47,17,451,451
JonathanSalwan/Triton,1,23664,284,21,1247,1247
dotnet/llilc,1,7012,138,158,1367,1367
dotnet/llilc,1,7012,138,158,1367,1367
wjakob/nanogui,1,4793,448,78,2776,2776
wjakob/nanogui,1,4793,448,78,2776,2776
clab/dynet,1,12802,649,230,2836,2836
itead/ITEADLIB_Arduino_WeeESP8266,1,1833,229,49,468,468
lvdmaaten/bhtsne,1,86,224,19,698,698
dannagle/PacketSender,1,6305,196,34,984,984
kamyu104/LintCode,1,1008,211,1,475,475
dougbinks/enkiTS,1,340,55,1,490,490
google/or-tools,1,515229,926,262,4111,4111
orlp/pdqsort,1,86,40,2,993,993
google/glog,1,1628,1200,159,3060,3060
google/glog,1,1628,1200,159,3060,3060
microsoft/IEDiagnosticsAdapter,1,569,41,10,565,565
jpbarrette/curlpp,1,3164,179,19,719,719
mattgodbolt/zindex,1,3512,28,8,496,496
vnpy/vnpy,1,134220,3946,27,8606,8606
zeroc-ice/ice,1,134953,450,158,1334,1334
tangjianpku/LINE,1,688,304,25,686,686
tdenniston/bish,1,309,40,13,1409,1409
tdenniston/bish,1,309,40,13,1409,1409
butor/blackbird,1,2413,859,186,4542,4542
butor/blackbird,1,2413,859,186,4542,4542
google/zopfli,1,476,245,98,2527,2527
google/zopfli,1,476,245,98,2527,2527
facebook/fboss,1,7111,168,21,550,550
sui77/rc-switch,1,1168,375,174,1075,1075
sui77/rc-switch,1,1168,375,174,1075,1075
tidyverse/readxl,1,9725,145,31,509,509
plv8/plv8,1,9727,81,36,880,880
Optiboot/optiboot,1,1176,246,42,565,565
endless-sky/endless-sky,1,165234,473,451,1911,1911
shekyan/slowhttptest,1,599,163,12,686,686
SmingHub/Sming,1,57845,315,91,1056,1056
preshing/cpp11-on-multicore,1,51,83,3,412,412
JoseExposito/touchegg,1,1057,70,34,608,608
aappleby/smhasher,1,333,256,45,1242,1242
aappleby/smhasher,1,333,256,45,1242,1242
dmlc/dmlc-core,1,1438,435,15,664,664
USBGuard/usbguard,1,3518,68,68,421,421
clangen/musikcube,1,65793,78,40,1547,1547
Qihoo360/QConf,1,8424,506,17,1643,1643
Qihoo360/QConf,1,8424,506,17,1643,1643
tomlooman/EpicSurvivalGameSeries,1,1347446,786,18,1334,1334
gongminmin/KlayGE,1,61881,247,40,1182,1182
facebook/Stack-RNN,1,53,88,2,412,412
fastbuild/fastbuild,1,8112,167,116,458,458
emilk/loguru,1,888,102,27,665,665
JoeyDeVries/LearnOpenGL,1,131134,856,43,2952,2952
blynkkk/blynk-library,1,9418,593,12,2214,2214
blynkkk/blynk-library,1,9418,593,12,2214,2214
solvespace/solvespace,1,18464,195,116,1028,1028
Z3Prover/z3,1,39174,734,141,4345,4345
notepad-plus-plus/notepad-plus-plus,1,178637,2195,947,7544,7544
eteran/edb-debugger,1,6834,176,77,1261,1261
eteran/edb-debugger,1,6834,176,77,1261,1261
ry/v8worker,1,4828,107,9,1425,1425
ry/v8worker,1,4828,107,9,1425,1425
socketio/socket.io-client-cpp,1,671,414,111,1295,1295
socketio/socket.io-client-cpp,1,671,414,111,1295,1295
foonathan/memory,1,1053,63,4,589,589
jbeder/yaml-cpp,1,3329,506,178,1483,1483
jbeder/yaml-cpp,1,3329,506,178,1483,1483
whoshuu/cpr,1,474,377,134,2251,2251
whoshuu/cpr,1,474,377,134,2251,2251
happynear/caffe-windows,1,39951,640,141,1213,1213
vczh-libraries/GacUI,1,51525,238,9,1576,1576
douban/libmc,1,607,67,7,413,413
apache/incubator-singa,1,15618,417,25,1678,1678
snowie2000/mactype,1,823,262,42,3913,3913
snowie2000/mactype,1,823,262,42,3913,3913
sftrabbit/CppPatterns-Patterns,1,209,169,17,1011,1011
sftrabbit/CppPatterns-Patterns,1,209,169,17,1011,1011
rlguy/GridFluidSim3D,1,1358,60,1,562,562
microsoft/DirectXTex,1,3731,196,30,673,673
microsoft/DirectXTK,1,7131,300,28,1254,1254
microsoft/DirectXTK,1,7131,300,28,1254,1254
x64dbg/x64dbg,1,54249,1013,381,33951,33951
RichieSams/FiberTaskingLib,1,7177,51,25,456,456
ben-strasser/fast-cpp-csv-parser,1,51,180,9,638,638
ValveSoftware/openvr,1,317293,925,627,3636,3636
thrill/thrill,1,9135,65,25,444,444
dmlc/ps-lite,1,642,390,71,918,918
ossrs/srs,1,211347,2325,343,5913,5913
cppit/jucipp,1,4492,101,39,891,891
apache/incubator-mxnet,1,58634,6076,1197,17085,17085
openstf/minicap,1,2118,313,50,931,931
InteractiveComputerGraphics/PositionBasedDynamics,1,6170,184,8,664,664
sinpolib/sokit,1,208,190,12,505,505
stealth/opmsg,1,446,29,0,494,494
NathanEpstein/Pavlov.js,1,546,23,0,497,497
artoolkit/artoolkit5,1,463567,698,137,1615,1615
RSATom/WebChimera.js,1,274,86,26,576,576
google/nsjail,1,1311,152,11,1305,1305
google/nsjail,1,1311,152,11,1305,1305
googlesamples/android-ndk,1,43873,2804,30,6050,6050
cdcseacave/openMVS,1,2313,327,97,904,904
jolibrain/deepdetect,1,103512,458,61,1899,1899
lltcggie/waifu2x-caffe,1,318737,435,46,3375,3375
CNugteren/CLBlast,1,5912,108,12,423,423
opengl-tutorials/ogl,1,86102,570,25,1463,1463
edouarda/brigand,1,1069,42,16,455,455
arvidn/libtorrent,1,82253,494,274,1824,1824
MikeMirzayanov/testlib,1,2428,153,16,406,406
tzapu/WiFiManager,1,986,971,293,3299,3299
tzapu/WiFiManager,1,986,971,293,3299,3299
Naios/continuable,1,1593,18,1,434,434
microsoft/DirectX-Graphics-Samples,1,232425,912,68,2400,2400
weidai11/cryptopp,1,23500,561,14,1751,1751
cutelyst/cutelyst,1,3822,57,15,498,498
sphinxsearch/sphinx,1,22445,343,20,1514,1514
ycjuan/libffm,1,46,417,17,1209,1209
ycjuan/libffm,1,46,417,17,1209,1209
markszabo/IRremoteESP8266,1,2258,294,8,997,997
cryptonomex/graphene,1,18724,335,17,1045,1045
avisingh599/mono-vo,1,89,200,9,415,415
ryanries/UniversalPauseButton,1,25,28,4,677,677
visualboyadvance-m/visualboyadvance-m,1,47172,124,150,1093,1093
hunspell/hunspell,1,7183,125,181,715,715
cmu-sei/pharos,1,8366,82,1,575,575
include-what-you-use/include-what-you-use,1,2275,141,155,1462,1462
include-what-you-use/include-what-you-use,1,2275,141,155,1462,1462
mmp/pbrt-v3,1,5876,629,55,2305,2305
mmp/pbrt-v3,1,5876,629,55,2305,2305
gzwl/leetcode,1,735,427,1,924,924
nzbget/nzbget,1,9776,104,25,626,626
44670/BootNTR,1,5842,131,21,479,479
Corvusoft/restbed,1,4002,245,83,1033,1033
Corvusoft/restbed,1,4002,245,83,1033,1033
turanszkij/WickedEngine,1,460658,129,9,1166,1166
SaschaWillems/Vulkan,1,206507,794,58,3978,3978
srvk/eesen,1,6146,297,58,581,581
Qihoo360/logkafka,1,4975,107,10,435,435
KhronosGroup/glslang,1,52009,342,204,1096,1096
mattbierner/Super-Template-Tetris,1,875,47,4,402,402
pstavirs/ostinato,1,2183,85,51,404,404
duncanthrax/scream,1,706,28,14,503,503
picotorrent/picotorrent,1,3200,80,74,903,903
google/kati,1,1749,64,18,536,536
pybind/pybind11,1,3960,685,418,5266,5266
pybind/pybind11,1,3960,685,418,5266,5266
google/gemmlowp,1,3653,302,8,1001,1001
google/gemmlowp,1,3653,302,8,1001,1001
ChenglongChen/Kaggle_CrowdFlower,1,6711,632,0,1492,1492
ChenglongChen/Kaggle_CrowdFlower,1,6711,632,0,1492,1492
mkazhdan/PoissonRecon,1,1621,192,50,441,441
flutter/engine,1,154815,1402,21,3085,3085
HowardHinnant/date,1,3004,283,68,1365,1365
HowardHinnant/date,1,3004,283,68,1365,1365
fastogt/fastonosql,1,8498,44,8,512,512
abau/dilay,1,2835,47,6,433,433
Ableton/atria,1,3393,38,0,433,433
johang/btfs,1,147,90,7,1807,1807
johang/btfs,1,147,90,7,1807,1807
yandex/faster-rnnlm,1,423,127,29,502,502
google/googletest,1,6301,4812,117,11752,11752
google/googletest,1,6301,4812,117,11753,11753
graphql/libgraphqlparser,1,299,100,11,682,682
dpayne/cli-visualizer,1,2625,70,19,931,931
zneak/fcd,1,5411,56,12,556,556
Axosoft/nsfw,1,417,58,30,620,620
google/shaderc,1,1423,131,57,654,654
ethz-asl/rovio,1,1317,343,57,574,574
dalboris/vpaint,1,4254,32,41,478,478
oktal/pistache,1,2324,373,191,1519,1519
oktal/pistache,1,2324,373,191,1519,1519
sparsehash/sparsehash,1,833,172,22,881,881
nemtrif/utfcpp,1,97,61,0,416,416
ethereum/solidity,1,29045,1901,650,6992,6992
microsoft/GSL,1,1047,465,120,3481,3481
microsoft/GSL,1,1047,465,120,3481,3481
mherb/kalman,1,199,168,18,402,402
wereturtle/ghostwriter,1,12224,106,24,1329,1329
autowarefoundation/autoware,1,343227,1516,256,3400,3400
cztomczak/cefpython,1,6041,252,183,1565,1565
cztomczak/cefpython,1,6041,252,183,1565,1565
cztomczak/phpdesktop,1,7701,294,72,1245,1245
cztomczak/phpdesktop,1,7701,294,72,1245,1245
plasma-umass/Mesh,1,5420,25,8,677,677
EverNewJoy/VictoryPlugin,1,484,162,14,438,438
XiaoMi/pegasus,1,32004,182,56,1028,1028
microsoft/Multiverso,1,7145,215,15,716,716
FLIF-hub/FLIF,1,20465,189,128,3222,3222
letscontrolit/ESPEasy,1,309490,1211,666,1695,1695
microsoft/LightLDA,1,84,216,42,732,732
cryfs/cryfs,1,18704,82,61,1011,1011
wjakob/instant-meshes,1,3021,247,35,1799,1799
wjakob/instant-meshes,1,3021,247,35,1799,1799
WebAssembly/wabt,1,17145,223,44,1696,1696
alibaba/AndFix,1,15890,1589,237,6552,6552
microsoft/Pyjion,1,2118,60,39,1271,1271
microsoft/Pyjion,1,2118,60,39,1271,1271
Eun/MoveToDesktop,1,351,44,33,523,523
KDE/kdeconnect-kde,1,3816,55,0,518,518
mapsme/omim,1,4381119,653,821,3028,3028
intel/hyperscan,1,6082,277,51,1895,1895
intel/hyperscan,1,6082,277,51,1895,1895
facebook/xcbuild,1,4334,138,48,1673,1673
facebook/xcbuild,1,4334,138,48,1673,1673
thennequin/ImWindow,1,4503,58,4,416,416
martinmoene/gsl-lite,1,822,58,31,421,421
CppCon/CppCon2015,1,291235,295,0,1557,1557
amzeratul/halley,1,14054,86,23,2047,2047
koekeishiya/kwm,1,2621,121,61,3492,3492
koekeishiya/kwm,1,2621,121,61,3492,3492
s9xie/hed,1,2428,371,60,1038,1038
s9xie/hed,1,2428,371,60,1038,1038
googlesamples/android-audio-high-performance,1,3271,240,20,656,656
KDE/krita,1,579617,198,0,1688,1688
bitshares/bitshares-core,1,24078,556,234,1027,1027
plexinc/plex-media-player,1,3506,108,90,734,734
DiligentGraphics/DiligentEngine,1,9160,67,8,641,641
microsoft/pict,1,498,92,1,420,420
CtripMobile/DynamicAPK,1,7898,852,58,2880,2880
CtripMobile/DynamicAPK,1,7898,852,58,2880,2880
Dooskington/GameLad,1,3781,26,4,418,418
mp3guy/ElasticFusion,1,1411,394,86,889,889
apple/swift,1,429033,7682,567,48041,48041
apple/swift-llbuild,1,9844,137,9,679,679
paypal/seifnode,1,102,30,3,546,546
microsoft/microsoft-pdb,1,1462,181,32,1225,1225
microsoft/microsoft-pdb,1,1462,181,32,1225,1225
FirebaseExtended/firebase-arduino,1,1046,303,126,655,655
nodejs/llnode,1,778,65,50,699,699
tensorflow/tensorflow,1,352353,75320,2526,129102,129102
PrincetonVision/marvin,1,946,138,24,400,400
LordNoteworthy/al-khaser,1,2443,507,18,1801,1801
LordNoteworthy/al-khaser,1,2443,507,18,1801,1801
CE-Programming/CEmu,1,8619,39,17,432,432
lucasb-eyer/pydensecrf,1,1809,288,19,1010,1010
lucasb-eyer/pydensecrf,1,1809,288,19,1010,1010
NVIDIA/nccl,1,1697,259,32,957,957
mmorise/World,1,864,134,5,463,463
monero-project/kovri,1,9612,108,1,549,549
IntelRealSense/librealsense,1,180575,1784,261,2793,2793
facebook/fb-caffe-exts,1,93,149,24,451,451
MHeironimus/ArduinoJoystickLibrary,1,113,126,46,549,549
wysaid/android-gpuimage-plus,1,79258,335,256,1051,1051
glmcdona/Process-Dump,1,101,113,7,421,421
rpclib/rpclib,1,3368,155,80,642,642
Dobiasd/FunctionalPlus,1,2223,72,1,889,889
joaofaro/KCFcpp,1,31,345,24,534,534
microsoft/CNTK,1,932365,4300,744,16199,16199
ThingPulse/esp8266-weather-station,1,1866,196,49,591,591
OGRECave/ogre,1,446518,438,139,1191,1191
huangmingchuan/Cpp_Primer_Answers,1,352,335,0,683,683
aliyun/ossfs,1,349,109,45,405,405
libfive/libfive,1,6079,56,34,556,556
rttrorg/rttr,1,6614,129,52,931,931
electronicarts/EASTL,1,2619,454,11,3973,3973
electronicarts/EASTL,1,2619,454,11,3973,3973
x64dbg/GleeBug,1,411,20,39,1135,1135
x64dbg/GleeBug,1,411,20,39,1135,1135
lballabio/QuantLib,1,61977,746,81,1465,1465
albertodemichelis/squirrel,1,1027,75,57,425,425
yyzybb537/libgo,1,7309,474,41,1671,1671
yyzybb537/libgo,1,7309,474,41,1671,1671
nuttyartist/notes,1,5759,101,41,414,414
patrikhuber/4dface,1,50,213,5,585,585
liuchuo/PAT,1,964,432,13,1305,1305
liuchuo/PAT,1,964,432,13,1305,1305
ThePhD/sol2,1,23948,167,4,1639,1639
root-project/cling,1,18061,117,72,1058,1058
ROCm-Developer-Tools/HIP,1,9612,236,106,1729,1729
ROCm-Developer-Tools/HIP,1,9612,236,106,1729,1729
falcosecurity/falco,1,8149,172,52,1514,1514
falcosecurity/falco,1,8149,172,52,1515,1515
vergecurrency/VERGE,1,120557,396,21,1295,1295
raulmur/ORB_SLAM2,1,42427,2587,560,3845,3845
google/ion,1,329823,81,10,1347,1347
ucbrise/confluo,1,11698,188,22,1370,1370
tensorflow/serving,1,4981,1443,48,3492,3492
tensorflow/serving,1,4981,1443,48,3493,3493
x64dbg/ScyllaHide,1,6516,114,10,1295,1295
x64dbg/ScyllaHide,1,6516,114,10,1295,1295
wesm/feather,1,392,150,97,2065,2065
wesm/feather,1,392,150,97,2065,2065
FreedomZZQ/IcePlayer,1,273,189,7,474,474
memo/ofxMSATensorFlow,1,9281,85,13,410,410
preshing/junction,1,229,111,11,954,954
Ableton/link,1,1899,81,30,580,580
laboshinl/loam_velodyne,1,989,627,80,668,668
google/butteraugli,1,6490,103,34,1474,1474
google/butteraugli,1,6490,103,34,1474,1474
ethz-asl/okvis,1,4588,395,57,655,655
Netflix/vmaf,1,244598,246,44,1099,1099
careercup/CtCI-6th-Edition-cpp,1,110,222,23,495,495
apache/arrow,1,30385,986,89,4032,4032
yse/easy_profiler,1,2880,93,58,1112,1112
yse/easy_profiler,1,2880,93,58,1112,1112
google/highwayhash,1,518,105,12,872,872
QuantStack/xsimd,1,1207,58,34,476,476
MicrosoftEdge/WebGL,1,504,56,5,636,636
kyleneideck/BackgroundMusic,1,1672,227,133,5241,5241
kyleneideck/BackgroundMusic,1,1672,227,133,5241,5241
tandasat/HyperPlatform,1,7897,201,7,620,620
lyle-nel/siga,1,975,19,0,408,408
sgorsten/linalg,1,729,24,3,406,406
keepassxreboot/keepassxc,1,20598,440,577,5721,5721
prusa3d/PrusaSlicer,1,111476,245,797,1304,1304
googlesamples/android-vulkan-tutorials,1,471,76,6,415,415
runner365/LiveVideoCoreSDK,1,40543,579,13,1934,1934
moderngl/moderngl,1,7945,64,37,442,442
sedwards2009/extraterm,1,94052,50,58,1115,1115
TadasBaltrusaitis/OpenFace,1,1721268,1240,143,3651,3651
acidanthera/AppleALC,1,20369,366,4,1395,1395
Croteam-official/Serious-Engine,1,93702,319,9,2484,2484
haptork/easyLambda,1,2027,39,4,436,436
laserpants/qt-material-widgets,1,4972,112,18,436,436
opentoonz/opentoonz,1,82417,323,352,2476,2476
uNetworking/uWebSockets,1,2915,1007,19,10607,10607
uNetworking/uWebSockets,1,2915,1007,19,10607,10607
tandasat/DdiMon,1,4848,173,1,409,409
apolukhin/magic_get,1,736,80,7,593,593
steemit/steem,1,27244,706,366,1757,1757
amzn/amazon-dsstne,1,32348,738,36,4348,4348
facebook/redex,1,11957,469,43,4498,4498
selfboot/CS_Offer,1,5144,494,11,1523,1523
selfboot/CS_Offer,1,5144,494,11,1523,1523
huaxz1986/cplusplus-_Implementation_Of_Introduction_to_Algorithms,1,3139,459,3,979,979
Auburns/FastNoise,1,1201,78,6,686,686
hrastnik/FaceSwap,1,99,140,9,515,515
KhronosGroup/SPIRV-Cross,1,7484,142,32,684,684
gatieme/CodingInterviews,1,933,628,7,2240,2240
gatieme/CodingInterviews,1,933,628,7,2240,2240
openthread/openthread,1,59297,574,54,1887,1887
stefanhaustein/TerminalImageViewer,1,711,49,8,530,530
paceholder/nodeeditor,1,2323,247,65,892,892
BitFunnel/NativeJIT,1,3788,80,31,927,927
LibreVR/Revive,1,1883,244,252,2249,2249
LibreVR/Revive,1,1883,244,252,2249,2249
ibaaj/dijkstra-cartography,1,49827,55,0,1046,1046
voodooattack/nexusjs,1,11785,19,4,1065,1065
twitter/vireo,1,1745,59,9,633,633
HostsTools/Windows,1,237,173,11,891,891
asLody/TurboDex,1,1325,264,14,1333,1333
asLody/TurboDex,1,1325,264,14,1333,1333
jvm-profiling-tools/async-profiler,1,537,202,25,1824,1824
jvm-profiling-tools/async-profiler,1,537,202,25,1824,1824
wiseio/paratext,1,319,101,32,1019,1019
wiseio/paratext,1,319,101,32,1019,1019
crosire/blink,1,128,37,5,631,631
manuelruder/artistic-videos,1,10718,209,33,1414,1414
Taywee/args,1,2172,78,12,596,596
keystone-engine/keystone,1,11914,216,129,1006,1006
danbev/learning-v8,1,694,53,0,513,513
NAU-ACM/ACM-ICPC-Preparation,1,2176,231,2,718,718
pplonski/keras2cpp,1,1053,123,15,424,424
tencent-wechat/libco,1,148,193,13,421,421
foonathan/standardese,1,1724,25,17,487,487
PixarAnimationStudios/USD,1,48124,384,257,1844,1844
petershirley/raytracinginoneweekend,1,53,166,17,1175,1175
petershirley/raytracinginoneweekend,1,53,166,17,1176,1176
intel/mkl-dnn,1,46890,344,19,1446,1446
Kitt-AI/snowboy,1,56545,506,239,1881,1881
baidu-research/persistent-rnn,1,397,87,7,551,551
Tencent/phxpaxos,1,1482,683,38,2344,2344
Tencent/phxpaxos,1,1482,683,38,2344,2344
Arisotura/melonDS,1,3083,82,121,463,463
thunlp/THULAC,1,96,142,24,471,471
GPUOpen-LibrariesAndSDKs/Anvil,1,7201,55,11,480,480
polybar/polybar,1,7311,271,217,4950,4950
polybar/polybar,1,7311,271,217,4950,4950
parro-it/libui-node,1,1487,72,34,1668,1668
parro-it/libui-node,1,1487,72,34,1668,1668
kitesurfer1404/WS2812FX,1,1288,174,15,719,719
eventql/eventql,1,80559,91,111,1017,1017
CRYTEK/CRYENGINE,1,617568,1675,134,8740,8740
microsoft/DirectXMath,1,1359,102,21,545,545
audiorouterdev/audio-router,1,429,269,101,2124,2124
audiorouterdev/audio-router,1,429,269,101,2124,2124
yandex/ClickHouse,1,122169,1208,826,7092,7092
mozilla/DeepSpeech,1,46462,1896,101,10344,10344
REGoth-project/REGoth,1,6518,58,87,545,545
simit-lang/simit,1,7814,50,51,409,409
MatMoul/g810-led,1,866,99,16,539,539
crosire/reshade,1,8781,165,6,913,913
BinomialLLC/crunch,1,9261,102,22,510,510
KhronosGroup/Vulkan-Hpp,1,4391,122,16,1274,1274
KhronosGroup/Vulkan-Hpp,1,4391,122,16,1274,1274
microsoft/DirectXTK12,1,5003,100,7,429,429
iboB/dynamix,1,2121,27,8,423,423
kirschju/demovfuscator,1,41,40,3,452,452
skypjack/uvw,1,7984,84,2,651,651
grpc/grpc-web,1,648,201,98,2827,2827
grpc/grpc-web,1,648,201,98,2827,2827
facebook/Surround360,1,52351,543,39,1927,1927
rust-lang/rust-bindgen,1,11722,324,238,1158,1158
dmlc/nnvm,1,1187,281,1,1590,1590
dmlc/nnvm,1,1187,281,1,1590,1590
gaoxiang12/slambook,1,188798,1697,143,2721,2721
phaistos-networks/TANK,1,2670,59,28,898,898
kfrlib/kfr,1,9690,109,7,580,580
davheld/GOTURN,1,472,300,51,730,730
mapbox/polylabel,1,77,68,9,614,614
tekezo/Karabiner-Elements,1,65395,533,103,8579,8579
ml4a/ml4a-ofx,1,1209,201,6,916,916
dropbox/lepton,1,54423,317,18,4585,4585
Dobiasd/frugally-deep,1,1786,102,4,444,444
TheAlgorithms/C-Plus-Plus,1,1380,731,115,2150,2150
TheAlgorithms/C-Plus-Plus,1,1380,731,115,2150,2150
venshine/AppUninstall,1,453,74,4,456,456
ShapeLab/SwarmUI,1,144672,234,10,1456,1456
alibaba/AliSQL,1,416079,738,31,3421,3421
tomtom-international/cpp-dependencies,1,269,46,12,477,477
dusty-nv/jetson-inference,1,61839,705,179,1786,1786
googlecartographer/cartographer,1,5548,1418,99,4321,4321
googlecartographer/cartographer,1,5548,1418,99,4321,4321
fastio/pedis,1,10561,142,24,1049,1049
microsoft/LightGBM,1,9847,2370,90,8843,8843
microsoft/LightGBM,1,9847,2370,90,8843,8843
ionescu007/lxss,1,4645,74,5,698,698
adishavit/argh,1,184,37,9,438,438
salestock/fastText.py,1,329,243,68,1018,1018
salestock/fastText.py,1,329,243,68,1018,1018
20tab/UnrealEnginePython,1,99659,340,276,1209,1209
yue/yue,1,12128,91,14,2098,2098
envoyproxy/envoy,1,34810,1507,489,9883,9883
uber/pyflame,1,374,159,33,2353,2353
uber/pyflame,1,374,159,33,2353,2353
pytorch/pytorch,1,127080,6928,3114,28784,28784
XProger/OpenLara,1,20170,164,35,2112,2112
PaddlePaddle/Paddle,1,159993,2420,1139,8890,8890
arximboldi/immer,1,1663,59,16,1106,1106
arximboldi/immer,1,1663,59,16,1106,1106
hidefuku/AnimeEffects,1,4043,41,27,465,465
henrypp/simplewall,1,4781,102,60,642,642
TangXiaoLv/TelegramGallery,1,20337,212,13,1237,1237
changkun/modern-cpp-tutorial,1,24213,525,4,3814,3814
sandeepmistry/arduino-LoRa,1,86,204,59,481,481
greg7mdp/sparsepp,1,364,98,3,892,892
anael-seghezzi/CToy,1,3742,20,4,464,464
rlguy/FantasyMapGenerator,1,438,29,4,399,399
Tencent/phxrpc,1,260,428,14,1237,1237
Tencent/phxrpc,1,260,428,14,1237,1237
anyRTC/anyRTC-RTMP-OpenSource,1,106040,1094,45,2999,2999
Tencent/phxsql,1,852,534,37,2306,2306
Tencent/phxsql,1,852,534,37,2306,2306
ysc3839/FontMod,1,196,17,2,531,531
baidu/fast_rgf,1,3517,108,9,449,449
wxFormBuilder/wxFormBuilder,1,7976,144,182,635,635
hyperledger-archives/iroha,1,52807,329,18,1049,1049
probonopd/linuxdeployqt,1,776,141,127,706,706
JoshuaWise/better-sqlite3,1,76754,73,34,1259,1259
intel/tbb,1,36999,270,73,1237,1237
topjohnwu/Magisk,1,31885,938,31,6342,6342
tqchen/tinyflow,1,93,258,2,1202,1202
tqchen/tinyflow,1,93,258,2,1202,1202
zeux/meshoptimizer,1,1488,62,0,1161,1161
zeux/meshoptimizer,1,1488,62,0,1161,1161
MCGallaspy/dr_strangetemplate,1,63,35,1,519,519
CppCon/CppCon2016,1,207894,223,5,1561,1561
seetaface/SeetaFaceEngine,1,116219,1607,115,3647,3647
1technophile/OpenMQTTGateway,1,30590,230,55,1027,1027
ethz-asl/segmap,1,761,241,44,469,469
grpc/grpc-swift,1,9987,157,53,657,657
tensor-compiler/taco,1,4431,77,92,595,595
weolar/miniblink49,1,176435,431,105,2791,2791
microsoft/ELL,1,32464,283,23,2006,2006
tobefuturer/app2dylib,1,9,158,8,531,531
tamlok/vnote,1,19738,498,245,4951,4951
foonathan/type_safe,1,658,64,4,620,620
wmww/Pinecone,1,3626,74,0,457,457
Palakis/obs-websocket,1,1475,112,63,529,529
pmq20/node-packer,1,82485,167,87,2523,2523
facebookarchive/beringei,1,915,262,13,2867,2867
facebookarchive/beringei,1,915,262,13,2867,2867
Tencent/libco,1,177,1234,67,4274,4274
Tencent/libco,1,177,1234,67,4274,4274
NVIDIAGameWorks/PhysX-3.4,1,2774414,173,33,2079,2079
DmitryUlyanov/Multicore-TSNE,1,426,152,27,1092,1092
DmitryUlyanov/Multicore-TSNE,1,426,152,27,1092,1092
microsoft/Detours,1,556,291,14,1325,1325
microsoft/Detours,1,556,291,14,1325,1325
google/guetzli,1,472,980,115,11923,11923
google/guetzli,1,472,980,115,11923,11923
vusec/drammer,1,132,166,6,444,444
NytroRST/ShellcodeCompiler,1,4474,157,2,435,435
BreakingMalwareResearch/atom-bombing,1,15,249,5,578,578
QuantStack/xtensor,1,5820,166,168,1382,1382
QuantStack/xtensor,1,5820,167,168,1382,1382
ashtuchkin/vive-diy-position-sensor,1,1764,72,37,585,585
opcm/pcm,1,2092,141,21,689,689
oguzhaninan/Stacer,1,7373,346,20,4343,4343
oguzhaninan/Stacer,1,7373,346,20,4343,4343
doonny/PipeCNN,1,3696,213,9,476,476
google/bloaty,1,3865,113,19,1984,1984
google/bloaty,1,3865,113,19,1984,1984
tensorflow/deepmath,1,3002,109,3,673,673
JakobEngel/dso,1,967,598,68,1155,1155
JakobEngel/dso,1,967,598,68,1155,1155
yogykwan/acm-challenge-workbook,1,212,205,0,1033,1033
yogykwan/acm-challenge-workbook,1,212,205,0,1033,1033
ryanjay0/miles-deep,1,22281,263,8,2367,2367
mitchcurtis/slate,1,8199,38,28,444,444
modzero/fix-windows-privacy,1,4065,23,9,444,444
VCVRack/Rack,1,4791,239,282,2193,2193
VCVRack/Rack,1,4791,239,282,2193,2193
Unity-Technologies/HLSLcc,1,599,57,16,429,429
kw-udon/constexpr-8cc,1,334,27,0,637,637
zhedahht/CodingInterviewChinese2,1,773,1070,44,2070,2070
zhedahht/CodingInterviewChinese2,1,773,1071,44,2070,2070
mtrebi/memory-allocators,1,1132,59,9,466,466
yuanming-hu/taichi,1,15832,260,58,2850,2850
koth/kcws,1,14014,673,43,2001,2001
getnamo/tensorflow-ue4,1,442,88,20,439,439
liuyubobobo/Play-Leetcode,1,2539,323,4,999,999
intel-isl/Open3D,1,85865,360,161,1595,1595
TorchCraft/TorchCraft,1,8169,195,31,1269,1269
TorchCraft/TorchCraft,1,8169,195,31,1269,1269
zhuli19901106/leetcode-zhuli,1,312,136,0,449,449
hszhao/PSPNet,1,8263,455,75,1080,1080
hszhao/PSPNet,1,8263,455,75,1080,1080
google/draco,1,73244,435,93,2849,2849
microsoft/DirectXShaderCompiler,1,43250,193,141,1176,1176
llvm/llvm-project,1,668684,381,0,1222,1222
QuantStack/xeus,1,5638,38,3,472,472
mdhiggins/ESP8266-HTTP-IR-Blaster,1,313,125,24,531,531
Tencent/mars,1,171867,2550,81,12869,12869
huxingyi/dust3d,1,71613,59,4,1083,1083
ldionne/dyno,1,455,25,27,479,479
fnc12/sqlite_orm,1,2138,82,26,561,561
KDAB/hotspot,1,4378,76,56,926,926
zeas2/Kirikiroid2,1,2027,41,62,529,529
ndrplz/self-driving-car,1,156321,718,5,1160,1160
MultiChain/multichain,1,5807,237,33,459,459
tongtzeho/PKUCourse,1,145,199,0,545,545
ue4plugins/StreetMap,1,18219,232,17,1482,1482
fireice-uk/xmr-stak-cpu,1,501,525,181,1074,1074
fireice-uk/xmr-stak-cpu,1,501,525,181,1074,1074
apache/incubator-weex,1,250360,1646,65,12479,12479
hugoam/toy,1,268034,65,5,1206,1206
microsoft/vswhere,1,268,43,1,402,402
TranslucentTB/TranslucentTB,1,4251,426,26,4310,4310
TranslucentTB/TranslucentTB,1,4251,426,26,4310,4310
codilime/veles,1,3899,52,50,574,574
koekeishiya/chunkwm,1,6558,197,110,3995,3995
koekeishiya/chunkwm,1,6558,197,110,3995,3995
TarsCloud/Tars,1,15590,1713,41,6943,6943
typesense/typesense,1,1223,18,9,561,561
MrBuddyCasino/ESP32_MP3_Decoder,1,3083,109,14,419,419
CLIUtils/CLI11,1,6712,77,24,685,685
sidoh/esp8266_milight_hub,1,4549,101,31,445,445
arendst/Sonoff-Tasmota,1,29855,1628,28,6959,6959
networknt/microservices-framework-benchmark,1,1290,93,6,468,468
mmozeiko/RcloneBrowser,1,524,109,91,939,939
unity3d-jp/MeshSync,1,9755,49,15,447,447
facebookincubator/gloo,1,876,123,23,553,553
NathanCastle/BootShellCredentialProvider,1,9715,27,5,628,628
facebookresearch/faiss,1,15531,1254,32,6685,6685
nodejs/node-addon-api,1,1385,106,80,469,469
microsoft/AirSim,1,278534,2063,454,7669,7669
rexdex/recompiler,1,98525,73,16,1262,1262
topisani/OTTO,1,31155,94,22,1508,1508
anbox/anbox,1,6714,565,200,2879,2879
anbox/anbox,1,6714,565,200,2879,2879
acidanthera/Lilu,1,4238,162,0,1484,1484
acidanthera/Lilu,1,4238,162,0,1484,1484
mbasso/asm-dom,1,47468,67,7,2082,2082
skarupke/flat_hash_map,1,26,91,27,1129,1129
skarupke/flat_hash_map,1,26,91,27,1129,1129
OculusVR/Flicks,1,31,76,2,1323,1323
OculusVR/Flicks,1,31,76,2,1323,1323
h2oai/datatable,1,7122,46,106,504,504
qtumproject/qtum,1,99885,295,14,1014,1014
Qihoo360/evpp,1,31771,574,76,1735,1735
google/sentencepiece,1,23112,298,16,2594,2594
ARM-software/ComputeLibrary,1,142034,427,23,1298,1298
hihozhou/php-opencv,1,933,66,22,422,422
shamadee/web-dsp,1,914,78,4,1042,1042
shamadee/web-dsp,1,914,78,4,1042,1042
epfml/sent2vec,1,465,153,20,651,651
lief-project/LIEF,1,21861,200,49,1347,1347
lewissbaker/cppcoro,1,759,68,42,629,629
wwmm/pulseeffects,1,20951,66,16,1013,1013
google/earthenterprise,1,337290,664,245,1869,1869
yun-liu/rcf,1,2380,213,57,481,481
discordapp/lilliput,1,142753,53,17,1235,1235
skypjack/entt,1,7244,150,5,1574,1574
skypjack/entt,1,7244,150,5,1574,1574
hteso/iaito,1,3304,137,37,1542,1542
hteso/iaito,1,3304,137,37,1542,1542
jarulraj/sqlcheck-old,1,960,65,7,1789,1789
jarulraj/sqlcheck-old,1,960,65,7,1789,1789
OneLoneCoder/videos,1,1350,317,24,421,421
mujx/nheko,1,6130,77,85,424,424
Haivision/srt,1,3398,189,158,572,572
foonathan/cppast,1,998,48,19,625,625
xmrig/xmrig,1,2563,1064,141,2406,2406
xmrig/xmrig,1,2563,1064,141,2407,2407
cquery-project/cquery,1,4837,150,141,2075,2075
cquery-project/cquery,1,4837,150,141,2075,2075
YuvalNirkin/face_swap,1,251,112,3,405,405
helio-fm/helio-workstation,1,36057,57,40,1426,1426
ethereum-mining/ethminer,1,55159,884,52,2879,2879
CMU-Perceptual-Computing-Lab/openpose,1,86005,3619,14,13042,13042
zetavm/zetavm,1,1585,36,9,573,573
google/sling,1,4709,249,13,1690,1690
google/sling,1,4709,249,13,1691,1691
Nadrin/PBR,1,5253,31,1,405,405
facebookincubator/fizz,1,1417,73,8,733,733
omnisci/omniscidb,1,37249,263,78,1887,1887
lupoDharkael/flameshot,1,2154,234,219,3328,3328
lupoDharkael/flameshot,1,2154,234,219,3328,3328
everettjf/MachOExplorer,1,4243,34,5,408,408
nfrechette/acl,1,7407,20,37,425,425
swoole/phpx,1,324,96,0,694,694
aguinet/wannakey,1,2033,157,2,1010,1010
aguinet/wannakey,1,2033,157,2,1010,1010
HKUST-Aerial-Robotics/VINS-Mono,1,96816,1007,164,1591,1591
msracver/Deep-Image-Analogy,1,425745,203,21,1096,1096
AlphaQi/MTCNN-light,1,2204,184,27,443,443
facebookresearch/ELF,1,4755,271,37,1888,1888
facebookresearch/ELF,1,4755,271,37,1888,1888
google/lullaby,1,6613,122,1,901,901
aksnzhy/xlearn,1,10853,391,118,2359,2359
ctubio/Krypto-trading-bot,1,11857,456,55,1592,1592
baidu/Familia,1,175,483,3,1795,1795
baidu/Familia,1,175,483,3,1795,1795
leonardvandriel/caffe2_cpp_tutorial,1,2226,91,38,402,402
Erkaman/vulkan_minimal_compute,1,487,32,2,477,477
HumbleNet/HumbleNet,1,7318,38,6,411,411
facebookresearch/StarSpace,1,3030,376,17,2861,2861
facebookresearch/StarSpace,1,3030,376,17,2861,2861
Tencent/ncnn,1,7278,1726,137,6526,6526
Tencent/ncnn,1,7278,1726,137,6527,6527
ApolloAuto/apollo,1,1534323,4369,389,13636,13636
dlunion/mtcnn,1,2380,256,58,476,476
nmslib/hnswlib,1,170,82,28,407,407
Restream/reindexer,1,3795,28,12,468,468
Blizzard/s2client-api,1,11574,265,94,1459,1459
discordapp/discord-rpc,1,2804,155,32,561,561
farmingyard/ShuffleNet,1,16,234,17,401,401
catboost/catboost,1,293333,619,154,4100,4100
microsoft/napajs,1,13058,314,62,8654,8654
maphew/svg-explorer-extension,1,37,38,11,523,523
nodeful/eqMac2,1,4014,88,53,1469,1469
nodeful/eqMac2,1,4014,88,53,1469,1469
joyieldInc/predixy,1,1509,73,32,424,424
inspector-repl/inspector,1,71,20,1,723,723
sebastianstarke/AI4Animation,1,2157526,223,3,1550,1550
acidanthera/WhateverGreen,1,2198,140,0,904,904
zhongyang219/TrafficMonitor,1,8072,567,182,4376,4376
zhongyang219/TrafficMonitor,1,8072,568,182,4376,4376
argman/EAST,1,2046,665,175,1716,1716
argman/EAST,1,2046,665,175,1716,1716
niessner/BundleFusion,1,2116,208,29,512,512
jmpews/HookZz,1,1746,254,2,1249,1249
jmpews/HookZz,1,1746,254,2,1249,1249
wangyu-/udp2raw-tunnel,1,3776,595,109,2862,2862
wangyu-/udp2raw-tunnel,1,3776,595,109,2862,2862
VectStudio/LED_CUBE,1,1597,210,2,536,536
JuncoJet/unlimited-landeng-for-win,1,3249,280,72,1098,1098
JuncoJet/unlimited-landeng-for-win,1,3249,280,72,1098,1098
davechurchill/commandcenter,1,2657,101,16,398,398
wangyu-/UDPspeeder,1,6213,489,84,2543,2543
wangyu-/UDPspeeder,1,6213,489,84,2543,2543
horovod/horovod,1,1536,965,317,6579,6579
horovod/horovod,1,1536,965,317,6579,6579
apache/incubator-doris,1,260585,309,71,1188,1188
microsoft/terminal,1,41854,4182,407,44071,44071
xmrig/xmrig-nvidia,1,1200,212,139,457,457
fetlang/fetlang,1,2358,38,13,1192,1192
fetlang/fetlang,1,2358,38,13,1192,1192
plaidml/plaidml,1,53236,184,90,2193,2193
justadudewhohacks/opencv4nodejs,1,34870,465,114,3013,3013
google-ar/arcore-android-sdk,1,32903,573,132,3376,3376
milostosic/MTuner,1,5799,92,4,1552,1552
milostosic/MTuner,1,5799,92,4,1552,1552
meganz/MEGAcmd,1,3458,106,55,468,468
citp/BlockSci,1,7847,171,61,940,940
apache/incubator-brpc,1,26851,2041,131,8637,8637
FlagBrew/Checkpoint,1,1576,48,19,913,913
Tencent/phxqueue,1,749,294,10,1697,1697
Tencent/phxqueue,1,749,294,10,1697,1697
idea4good/GuiLite,1,48073,273,3,2764,2764
PaddlePaddle/paddle-mobile,1,293798,853,20,4319,4319
abseil/abseil-cpp,1,3849,740,40,5465,5465
abseil/abseil-cpp,1,3849,740,40,5465,5465
intel/parallelstl,1,1591,37,9,452,452
zeusees/HyperLPR,1,264125,921,31,2097,2097
Ewenwan/MVision,1,925582,1023,5,2290,2290
radareorg/cutter,1,10514,397,182,5057,5057
pytorch/glow,1,14776,239,145,1512,1512
google/oboe,1,43706,172,95,1416,1416
ConfettiFX/The-Forge,1,658600,117,7,1186,1186
fireice-uk/xmr-stak,1,2602,1610,447,3101,3101
fireice-uk/xmr-stak,1,2602,1610,447,3101,3101
facebookincubator/FBX2glTF,1,8541,122,40,603,603
doe300/VC4CL,1,700,51,22,406,406
bromite/bromite,1,8815,43,8,646,646
doitsujin/dxvk,1,8586,180,76,3798,3798
doitsujin/dxvk,1,8586,180,76,3798,3798
sgan81/apfs-fuse,1,461,58,26,445,445
NASA-SW-VnV/ikos,1,3362,72,21,1092,1092
NASA-SW-VnV/ikos,1,3362,71,21,1092,1092
trojan-gfw/trojan,1,787,309,7,1471,1471
trojan-gfw/trojan,1,787,309,7,1471,1471
matthewsamuel95/ACM-ICPC-Algorithms,1,2460,724,4,657,657
carla-simulator/carla,1,36798,700,247,2663,2663
QBDI/QBDI,1,672,58,30,472,472
leela-zero/leela-zero,1,3650,724,231,3482,3482
leela-zero/leela-zero,1,3650,723,231,3482,3482
mhammond/pywin32,1,52389,301,353,1440,1440
facebook/openr,1,4291,168,5,658,658
wangyu-/tinyfecVPN,1,2339,275,45,1336,1336
wangyu-/tinyfecVPN,1,2339,275,45,1336,1336
OpenGene/fastp,1,534,110,39,530,530
finos/perspective,1,14040,136,27,1864,1864
muellan/clipp,1,256,34,7,446,446
cnkuangshi/LightCTR,1,9870,127,1,528,528
sfzhang15/RefineDet,1,6167,356,3,1171,1171
sfzhang15/RefineDet,1,6167,356,3,1171,1171
juj/fbcp-ili9341,1,2352,45,25,514,514
facebookresearch/wav2letter,1,3505,575,19,3678,3678
facebookresearch/wav2letter,1,3505,575,19,3678,3678
fungos/cr,1,210,34,8,543,543
eigenteam/eigen-git-mirror,1,109171,332,2,1209,1209
ethz-asl/maplab,1,22143,394,44,1025,1025
facebookresearch/House3D,1,674,124,10,910,910
googlecreativelab/paper-signals,1,343,90,10,658,658
NVIDIA/cutlass,1,6814,92,14,542,542
KumarRobotics/msckf_vio,1,112,297,40,515,515
apple/turicreate,1,263045,838,407,8669,8669
relativty/Relativ,1,126632,166,3,3511,3511
zhaoweicai/cascade-rcnn,1,5297,202,42,678,678
monadgroup/axiom,1,3269,17,35,481,481
secrary/makin,1,295,101,0,516,516
avast/retdec,1,12310,554,236,4795,4795
apple/foundationdb,1,18434,732,265,9294,9294
ubisoftinc/massgate,1,1717,156,1,1000,1000
olive-editor/olive,1,10273,149,138,1832,1832
tdlib/td,1,8192,322,71,1904,1904
tdlib/td,1,8192,322,71,1904,1904
bkerler/exploit_me,1,400,96,0,545,545
yuzu-emu/yuzu,1,29617,457,103,7100,7100
turbo/KPTI-PoC-Collection,1,7,191,0,487,487
raphaelsc/Am-I-affected-by-Meltdown,1,121,76,7,553,553
hugoam/two,1,121098,53,11,1084,1084
googlecreativelab/open-nsynth-super,1,11569,179,30,1746,1746
ckb-next/ckb-next,1,5295,104,126,1175,1175
ckb-next/ckb-next,1,5295,104,126,1175,1175
esphome/esphome-core,1,7142,111,21,571,571
MFatihMAR/Awesome-Game-Networking,1,588,87,0,1433,1433
MFatihMAR/Awesome-Game-Networking,1,588,87,0,1433,1433
xoseperez/espurna,1,118818,356,303,1586,1586
qicosmos/cinatra,1,5327,103,22,425,425
MhLiao/TextBoxes_plusplus,1,3683,226,46,665,665
linyacool/WebServer,1,2493,271,16,613,613
facebookresearch/TensorComprehensions,1,38358,159,86,1498,1498
brpc/braft,1,4639,365,15,1555,1555
brpc/braft,1,4639,365,15,1555,1555
huihut/interview,1,5488,1774,1,5625,5625
huihut/interview,1,5488,1775,1,5625,5625
f1xpl/openauto,1,185,189,40,1293,1293
f1xpl/openauto,1,185,189,40,1293,1293
microsoft/service-fabric,1,61694,305,190,2530,2530
oatpp/oatpp,1,1156,155,5,1428,1428
oatpp/oatpp,1,1156,156,5,1428,1428
ValveSoftware/Proton,1,25083,292,1925,8709,8709
GameFoundry/bsf,1,72197,124,94,1273,1273
Tencent/TSeer,1,1362,124,11,608,608
Neargye/nameof,1,327,22,0,403,403
NVIDIAGameWorks/DxrTutorials,1,8812,65,0,480,480
everitoken/evt,1,32843,323,5,1238,1238
WrBug/dumpDex,1,234,292,26,1311,1311
WrBug/dumpDex,1,234,292,26,1311,1311
ValveSoftware/GameNetworkingSockets,1,11587,202,10,4034,4034
lemire/simdjson,1,6196,358,42,6897,6897
lemire/simdjson,1,6196,358,42,6897,6897
aras-p/ToyPathTracer,1,382,49,2,504,504
NVIDIA/nvvl,1,2575,78,32,537,537
ahupowerdns/hello-dns,1,657,39,10,432,432
MaskRay/ccls,1,3970,74,17,1008,1008
MaskRay/ccls,1,3970,74,17,1008,1008
diasurgical/devilution,1,8421,707,24,5939,5939
diasurgical/devilution,1,8421,707,24,5939,5939
plibither8/2048.cpp,1,4886,162,17,1165,1165
plibither8/2048.cpp,1,4886,162,17,1165,1165
OpenTTD/OpenTTD,1,134325,219,107,1675,1675
esphome/esphome,1,3358,122,14,642,642
knightsj/awesome-algorithm-question-solution,1,891,126,5,706,706
cpp-taskflow/cpp-taskflow,1,55266,185,11,1798,1798
facebookincubator/BOLT,1,1532,60,26,1293,1293
facebookincubator/BOLT,1,1532,60,26,1293,1293
google/asylo,1,3179,76,8,586,586
pytorch/ELF,1,6416,474,39,2845,2845
pytorch/ELF,1,6416,474,39,2845,2845
facebookincubator/katran,1,1227,215,0,2080,2080
facebookincubator/katran,1,1227,215,0,2081,2081
Tencent/PhoenixGo,1,225,460,13,2364,2364
Tencent/PhoenixGo,1,225,460,13,2364,2364
wywu/LAB,1,9021,213,24,714,714
eliboa/TegraRcmGUI,1,772,29,8,494,494
rethinkdb/rethinkdb_rebirth,1,124872,54,22,1070,1070
XRobots/openDog,1,3380,107,17,471,471
anonymous5l/ncmdump,1,43,168,9,915,915
NVIDIA/DALI,1,70111,165,69,1398,1398
tiann/FreeReflection,1,148,121,2,604,604
XiaoMi/mace,1,16654,577,32,3298,3298
facebookincubator/oomd,1,721,69,13,960,960
baidu/AnyQ,1,5677,329,47,1295,1295
baidu/AnyQ,1,5677,329,47,1295,1295
wszqkzqk/deepin-wine-ubuntu,1,67316,320,68,2137,2137
fluent-project/fluent,1,596,167,21,1230,1230
fluent-project/fluent,1,596,167,21,1230,1230
LUX-Core/lux,1,171240,69,0,4120,4120
uNetworking/uWebSockets.js,1,28434,96,11,1934,1934
F8LEFT/FUPK3,1,4004,258,1,550,550
google/filament,1,475572,423,34,6912,6912
Alexays/Waybar,1,1011,63,52,578,578
HackerPoet/NonEuclidean,1,961,140,8,1693,1693
HackerPoet/NonEuclidean,1,961,140,8,1693,1693
RikkaApps/Riru,1,303,87,7,966,966
ggerganov/kbd-audio,1,347,223,7,2260,2260
ggerganov/kbd-audio,1,347,223,7,2260,2260
iovisor/bpftrace,1,2138,165,174,1436,1436
iovisor/bpftrace,1,2138,165,174,1436,1436
maestron/botnets,1,303292,443,1,2066,2066
microsoft/SPTAG,1,564,356,29,3253,3253
microsoft/SPTAG,1,564,356,29,3253,3253
facebookincubator/LogDevice,1,12884,134,10,1500,1500
Tencent/MMKV,1,881,752,4,7452,7452
Tencent/MMKV,1,881,752,4,7453,7453
AshampooSystems/boden,1,32020,40,5,1050,1050
ChrisKnott/Algojammer,1,13740,103,10,2848,2848
facebookincubator/spectrum,1,4760,105,17,1617,1617
facebookincubator/spectrum,1,4760,105,17,1617,1617
emilengler/sysget,1,202,30,0,505,505
cmuratori/meow_hash,1,264,37,9,1023,1023
cmuratori/meow_hash,1,264,37,9,1023,1023
TheCherno/Hazel,1,861,209,22,1316,1316
TheCherno/Hazel,1,861,209,22,1316,1316
shrubb/box-convolutions,1,110,29,6,489,489
microsoft/ShaderConductor,1,142,33,10,585,585
microsoft/wil,1,597,39,21,924,924
microsoft/SEAL,1,915,124,6,1097,1097
microsoft/SEAL,1,915,124,6,1097,1097
perone/euclidesdb,1,1899,22,10,465,465
Kobzol/hardware-effects,1,89,81,4,1829,1829
Kobzol/hardware-effects,1,89,81,4,1829,1829
SerenityOS/serenity,1,12175,76,74,1712,1712
binbibi/XTeamLView,1,550,55,0,415,415
sfzhang15/FaceBoxes,1,4118,135,1,431,431
HackerPoet/MarbleMarcher,1,43268,112,22,1698,1698
alibaba/euler,1,252,308,63,1482,1482
alibaba/euler,1,252,308,63,1482,1482
cool2528/baiduCDP,1,422,248,11,1317,1317
cool2528/baiduCDP,1,422,248,11,1317,1317
ssloy/tinyraytracer,1,19014,123,8,2669,2669
asLody/whale,1,2685,147,17,633,633
ssloy/tinykaboom,1,11166,59,0,1740,1740
patr0nus/DeskGap,1,400,22,23,1106,1106
patr0nus/DeskGap,1,400,22,23,1106,1106
microsoft/calculator,1,22692,2651,143,17137,17137
OpenImageDenoise/oidn,1,7456,41,10,542,542
JohnSully/KeyDB,1,70961,78,6,1523,1523
octobanana/fltrdr,1,1506,5,1,440,440
google/sandboxed-api,1,759,90,3,1051,1051
google/sandboxed-api,1,759,90,3,1051,1051
microsoft/BlingFire,1,1226,45,8,1272,1272
microsoft/BlingFire,1,1226,45,8,1272,1272
rek7/mXtract,1,1558,70,0,416,416
taylorconor/tinytetris,1,640,49,5,558,558
PKUanonym/REKCARC-TSC-UHT,1,3083032,2195,5,7709,7709
alibaba/MNN,1,6047,344,10,1875,1875
alibaba/MNN,1,6047,344,10,1875,1875
google/zetasql,1,1823,49,3,1047,1047
google/zetasql,1,1823,49,3,1047,1047
p-ranav/pprint,1,228,21,0,521,521
xdspacelab/openvslam,1,2700,180,15,944,944
microsoft/interpret,1,885,145,13,1225,1225
microsoft/interpret,1,885,145,13,1225,1225
lettier/3d-game-shaders-for-beginners,1,20496,211,5,4352,4352
